leto,dejavnost,izobrazba,spol,placa
2008,"kmetijstvo, lov, gozdarstvo in ribištvo",osnovna,m,967
2009,"kmetijstvo, lov, gozdarstvo in ribištvo",osnovna,m,980
2010,"kmetijstvo, lov, gozdarstvo in ribištvo",osnovna,m,1012
2011,"kmetijstvo, lov, gozdarstvo in ribištvo",osnovna,m,1054
2012,"kmetijstvo, lov, gozdarstvo in ribištvo",osnovna,m,1049
2013,"kmetijstvo, lov, gozdarstvo in ribištvo",osnovna,m,1049
2014,"kmetijstvo, lov, gozdarstvo in ribištvo",osnovna,m,1096
2015,"kmetijstvo, lov, gozdarstvo in ribištvo",osnovna,m,1104
2016,"kmetijstvo, lov, gozdarstvo in ribištvo",osnovna,m,1088
2017,"kmetijstvo, lov, gozdarstvo in ribištvo",osnovna,m,1083
2018,"kmetijstvo, lov, gozdarstvo in ribištvo",osnovna,m,1137
2019,"kmetijstvo, lov, gozdarstvo in ribištvo",osnovna,m,1179
2008,"kmetijstvo, lov, gozdarstvo in ribištvo",osnovna,ž,792
2009,"kmetijstvo, lov, gozdarstvo in ribištvo",osnovna,ž,819
2010,"kmetijstvo, lov, gozdarstvo in ribištvo",osnovna,ž,856
2011,"kmetijstvo, lov, gozdarstvo in ribištvo",osnovna,ž,874
2012,"kmetijstvo, lov, gozdarstvo in ribištvo",osnovna,ž,886
2013,"kmetijstvo, lov, gozdarstvo in ribištvo",osnovna,ž,905
2014,"kmetijstvo, lov, gozdarstvo in ribištvo",osnovna,ž,928
2015,"kmetijstvo, lov, gozdarstvo in ribištvo",osnovna,ž,942
2016,"kmetijstvo, lov, gozdarstvo in ribištvo",osnovna,ž,959
2017,"kmetijstvo, lov, gozdarstvo in ribištvo",osnovna,ž,968
2018,"kmetijstvo, lov, gozdarstvo in ribištvo",osnovna,ž,1051
2019,"kmetijstvo, lov, gozdarstvo in ribištvo",osnovna,ž,1092
2008,"kmetijstvo, lov, gozdarstvo in ribištvo",srednja,m,1151
2009,"kmetijstvo, lov, gozdarstvo in ribištvo",srednja,m,1153
2010,"kmetijstvo, lov, gozdarstvo in ribištvo",srednja,m,1192
2011,"kmetijstvo, lov, gozdarstvo in ribištvo",srednja,m,1236
2012,"kmetijstvo, lov, gozdarstvo in ribištvo",srednja,m,1237
2013,"kmetijstvo, lov, gozdarstvo in ribištvo",srednja,m,1230
2014,"kmetijstvo, lov, gozdarstvo in ribištvo",srednja,m,1270
2015,"kmetijstvo, lov, gozdarstvo in ribištvo",srednja,m,1284
2016,"kmetijstvo, lov, gozdarstvo in ribištvo",srednja,m,1254
2017,"kmetijstvo, lov, gozdarstvo in ribištvo",srednja,m,1241
2018,"kmetijstvo, lov, gozdarstvo in ribištvo",srednja,m,1287
2019,"kmetijstvo, lov, gozdarstvo in ribištvo",srednja,m,1335
2008,"kmetijstvo, lov, gozdarstvo in ribištvo",srednja,ž,975
2009,"kmetijstvo, lov, gozdarstvo in ribištvo",srednja,ž,1000
2010,"kmetijstvo, lov, gozdarstvo in ribištvo",srednja,ž,1038
2011,"kmetijstvo, lov, gozdarstvo in ribištvo",srednja,ž,1082
2012,"kmetijstvo, lov, gozdarstvo in ribištvo",srednja,ž,1092
2013,"kmetijstvo, lov, gozdarstvo in ribištvo",srednja,ž,1100
2014,"kmetijstvo, lov, gozdarstvo in ribištvo",srednja,ž,1123
2015,"kmetijstvo, lov, gozdarstvo in ribištvo",srednja,ž,1136
2016,"kmetijstvo, lov, gozdarstvo in ribištvo",srednja,ž,1140
2017,"kmetijstvo, lov, gozdarstvo in ribištvo",srednja,ž,1154
2018,"kmetijstvo, lov, gozdarstvo in ribištvo",srednja,ž,1201
2019,"kmetijstvo, lov, gozdarstvo in ribištvo",srednja,ž,1228
2008,"kmetijstvo, lov, gozdarstvo in ribištvo",visoka,m,2755
2009,"kmetijstvo, lov, gozdarstvo in ribištvo",visoka,m,2688
2010,"kmetijstvo, lov, gozdarstvo in ribištvo",visoka,m,2738
2011,"kmetijstvo, lov, gozdarstvo in ribištvo",visoka,m,2738
2012,"kmetijstvo, lov, gozdarstvo in ribištvo",visoka,m,2688
2013,"kmetijstvo, lov, gozdarstvo in ribištvo",visoka,m,2568
2014,"kmetijstvo, lov, gozdarstvo in ribištvo",visoka,m,2511
2015,"kmetijstvo, lov, gozdarstvo in ribištvo",visoka,m,2380
2016,"kmetijstvo, lov, gozdarstvo in ribištvo",visoka,m,2158
2017,"kmetijstvo, lov, gozdarstvo in ribištvo",visoka,m,2075
2018,"kmetijstvo, lov, gozdarstvo in ribištvo",visoka,m,2281
2019,"kmetijstvo, lov, gozdarstvo in ribištvo",visoka,m,2292
2008,"kmetijstvo, lov, gozdarstvo in ribištvo",visoka,ž,1808
2009,"kmetijstvo, lov, gozdarstvo in ribištvo",visoka,ž,1832
2010,"kmetijstvo, lov, gozdarstvo in ribištvo",visoka,ž,1854
2011,"kmetijstvo, lov, gozdarstvo in ribištvo",visoka,ž,1894
2012,"kmetijstvo, lov, gozdarstvo in ribištvo",visoka,ž,1845
2013,"kmetijstvo, lov, gozdarstvo in ribištvo",visoka,ž,1755
2014,"kmetijstvo, lov, gozdarstvo in ribištvo",visoka,ž,1763
2015,"kmetijstvo, lov, gozdarstvo in ribištvo",visoka,ž,1732
2016,"kmetijstvo, lov, gozdarstvo in ribištvo",visoka,ž,1722
2017,"kmetijstvo, lov, gozdarstvo in ribištvo",visoka,ž,1795
2018,"kmetijstvo, lov, gozdarstvo in ribištvo",visoka,ž,1898
2019,"kmetijstvo, lov, gozdarstvo in ribištvo",visoka,ž,1917
2008,rudarstvo,osnovna,m,1401
2009,rudarstvo,osnovna,m,1403
2010,rudarstvo,osnovna,m,1353
2011,rudarstvo,osnovna,m,1389
2012,rudarstvo,osnovna,m,1404
2013,rudarstvo,osnovna,m,1369
2014,rudarstvo,osnovna,m,1381
2015,rudarstvo,osnovna,m,1367
2016,rudarstvo,osnovna,m,1420
2017,rudarstvo,osnovna,m,1413
2018,rudarstvo,osnovna,m,1530
2019,rudarstvo,osnovna,m,1535
2008,rudarstvo,osnovna,ž,1059
2009,rudarstvo,osnovna,ž,988
2010,rudarstvo,osnovna,ž,943
2011,rudarstvo,osnovna,ž,1002
2012,rudarstvo,osnovna,ž,921
2013,rudarstvo,osnovna,ž,1151
2014,rudarstvo,osnovna,ž,1147
2015,rudarstvo,osnovna,ž,1195
2016,rudarstvo,osnovna,ž,1228
2017,rudarstvo,osnovna,ž,1233
2018,rudarstvo,osnovna,ž,1240
2019,rudarstvo,osnovna,ž,1255
2008,rudarstvo,srednja,m,1843
2009,rudarstvo,srednja,m,1860
2010,rudarstvo,srednja,m,1894
2011,rudarstvo,srednja,m,1977
2012,rudarstvo,srednja,m,2081
2013,rudarstvo,srednja,m,2004
2014,rudarstvo,srednja,m,2127
2015,rudarstvo,srednja,m,2048
2016,rudarstvo,srednja,m,2098
2017,rudarstvo,srednja,m,2189
2018,rudarstvo,srednja,m,2301
2019,rudarstvo,srednja,m,2286
2008,rudarstvo,srednja,ž,1423
2009,rudarstvo,srednja,ž,1479
2010,rudarstvo,srednja,ž,1528
2011,rudarstvo,srednja,ž,1581
2012,rudarstvo,srednja,ž,1620
2013,rudarstvo,srednja,ž,1624
2014,rudarstvo,srednja,ž,1760
2015,rudarstvo,srednja,ž,1639
2016,rudarstvo,srednja,ž,1629
2017,rudarstvo,srednja,ž,1661
2018,rudarstvo,srednja,ž,1676
2019,rudarstvo,srednja,ž,1639
2008,rudarstvo,visoka,m,2978
2009,rudarstvo,visoka,m,2959
2010,rudarstvo,visoka,m,2992
2011,rudarstvo,visoka,m,3089
2012,rudarstvo,visoka,m,3158
2013,rudarstvo,visoka,m,3000
2014,rudarstvo,visoka,m,3200
2015,rudarstvo,visoka,m,2951
2016,rudarstvo,visoka,m,3059
2017,rudarstvo,visoka,m,3271
2018,rudarstvo,visoka,m,3281
2019,rudarstvo,visoka,m,3392
2008,rudarstvo,visoka,ž,2108
2009,rudarstvo,visoka,ž,2110
2010,rudarstvo,visoka,ž,2146
2011,rudarstvo,visoka,ž,2228
2012,rudarstvo,visoka,ž,2247
2013,rudarstvo,visoka,ž,2194
2014,rudarstvo,visoka,ž,2302
2015,rudarstvo,visoka,ž,2123
2016,rudarstvo,visoka,ž,2287
2017,rudarstvo,visoka,ž,2335
2018,rudarstvo,visoka,ž,2446
2019,rudarstvo,visoka,ž,2463
2008,predelovalne dejavnosti,osnovna,m,980
2009,predelovalne dejavnosti,osnovna,m,968
2010,predelovalne dejavnosti,osnovna,m,1053
2011,predelovalne dejavnosti,osnovna,m,1104
2012,predelovalne dejavnosti,osnovna,m,1132
2013,predelovalne dejavnosti,osnovna,m,1156
2014,predelovalne dejavnosti,osnovna,m,1197
2015,predelovalne dejavnosti,osnovna,m,1236
2016,predelovalne dejavnosti,osnovna,m,1263
2017,predelovalne dejavnosti,osnovna,m,1304
2018,predelovalne dejavnosti,osnovna,m,1374
2019,predelovalne dejavnosti,osnovna,m,1423
2008,predelovalne dejavnosti,osnovna,ž,792
2009,predelovalne dejavnosti,osnovna,ž,808
2010,predelovalne dejavnosti,osnovna,ž,885
2011,predelovalne dejavnosti,osnovna,ž,932
2012,predelovalne dejavnosti,osnovna,ž,959
2013,predelovalne dejavnosti,osnovna,ž,976
2014,predelovalne dejavnosti,osnovna,ž,1011
2015,predelovalne dejavnosti,osnovna,ž,1030
2016,predelovalne dejavnosti,osnovna,ž,1038
2017,predelovalne dejavnosti,osnovna,ž,1068
2018,predelovalne dejavnosti,osnovna,ž,1113
2019,predelovalne dejavnosti,osnovna,ž,1156
2008,predelovalne dejavnosti,srednja,m,1215
2009,predelovalne dejavnosti,srednja,m,1190
2010,predelovalne dejavnosti,srednja,m,1281
2011,predelovalne dejavnosti,srednja,m,1336
2012,predelovalne dejavnosti,srednja,m,1366
2013,predelovalne dejavnosti,srednja,m,1382
2014,predelovalne dejavnosti,srednja,m,1426
2015,predelovalne dejavnosti,srednja,m,1457
2016,predelovalne dejavnosti,srednja,m,1483
2017,predelovalne dejavnosti,srednja,m,1517
2018,predelovalne dejavnosti,srednja,m,1582
2019,predelovalne dejavnosti,srednja,m,1630
2008,predelovalne dejavnosti,srednja,ž,968
2009,predelovalne dejavnosti,srednja,ž,992
2010,predelovalne dejavnosti,srednja,ž,1068
2011,predelovalne dejavnosti,srednja,ž,1104
2012,predelovalne dejavnosti,srednja,ž,1128
2013,predelovalne dejavnosti,srednja,ž,1143
2014,predelovalne dejavnosti,srednja,ž,1179
2015,predelovalne dejavnosti,srednja,ž,1200
2016,predelovalne dejavnosti,srednja,ž,1211
2017,predelovalne dejavnosti,srednja,ž,1228
2018,predelovalne dejavnosti,srednja,ž,1267
2019,predelovalne dejavnosti,srednja,ž,1311
2008,predelovalne dejavnosti,visoka,m,2672
2009,predelovalne dejavnosti,visoka,m,2540
2010,predelovalne dejavnosti,visoka,m,2677
2011,predelovalne dejavnosti,visoka,m,2722
2012,predelovalne dejavnosti,visoka,m,2728
2013,predelovalne dejavnosti,visoka,m,2666
2014,predelovalne dejavnosti,visoka,m,2706
2015,predelovalne dejavnosti,visoka,m,2742
2016,predelovalne dejavnosti,visoka,m,2760
2017,predelovalne dejavnosti,visoka,m,2765
2018,predelovalne dejavnosti,visoka,m,2819
2019,predelovalne dejavnosti,visoka,m,2880
2008,predelovalne dejavnosti,visoka,ž,2165
2009,predelovalne dejavnosti,visoka,ž,2117
2010,predelovalne dejavnosti,visoka,ž,2257
2011,predelovalne dejavnosti,visoka,ž,2312
2012,predelovalne dejavnosti,visoka,ž,2336
2013,predelovalne dejavnosti,visoka,ž,2321
2014,predelovalne dejavnosti,visoka,ž,2382
2015,predelovalne dejavnosti,visoka,ž,2407
2016,predelovalne dejavnosti,visoka,ž,2401
2017,predelovalne dejavnosti,visoka,ž,2380
2018,predelovalne dejavnosti,visoka,ž,2407
2019,predelovalne dejavnosti,visoka,ž,2457
2008,"oskrba z električno energijo, plinom in paro",osnovna,m,1378
2009,"oskrba z električno energijo, plinom in paro",osnovna,m,1426
2010,"oskrba z električno energijo, plinom in paro",osnovna,m,1479
2011,"oskrba z električno energijo, plinom in paro",osnovna,m,1519
2012,"oskrba z električno energijo, plinom in paro",osnovna,m,1580
2013,"oskrba z električno energijo, plinom in paro",osnovna,m,1591
2014,"oskrba z električno energijo, plinom in paro",osnovna,m,1567
2015,"oskrba z električno energijo, plinom in paro",osnovna,m,1571
2016,"oskrba z električno energijo, plinom in paro",osnovna,m,1589
2017,"oskrba z električno energijo, plinom in paro",osnovna,m,1568
2018,"oskrba z električno energijo, plinom in paro",osnovna,m,1594
2019,"oskrba z električno energijo, plinom in paro",osnovna,m,1654
2008,"oskrba z električno energijo, plinom in paro",osnovna,ž,1162
2009,"oskrba z električno energijo, plinom in paro",osnovna,ž,1220
2010,"oskrba z električno energijo, plinom in paro",osnovna,ž,1221
2011,"oskrba z električno energijo, plinom in paro",osnovna,ž,1266
2012,"oskrba z električno energijo, plinom in paro",osnovna,ž,1335
2013,"oskrba z električno energijo, plinom in paro",osnovna,ž,1340
2014,"oskrba z električno energijo, plinom in paro",osnovna,ž,1373
2015,"oskrba z električno energijo, plinom in paro",osnovna,ž,1351
2016,"oskrba z električno energijo, plinom in paro",osnovna,ž,1336
2017,"oskrba z električno energijo, plinom in paro",osnovna,ž,1333
2018,"oskrba z električno energijo, plinom in paro",osnovna,ž,1313
2019,"oskrba z električno energijo, plinom in paro",osnovna,ž,1372
2008,"oskrba z električno energijo, plinom in paro",srednja,m,1682
2009,"oskrba z električno energijo, plinom in paro",srednja,m,1754
2010,"oskrba z električno energijo, plinom in paro",srednja,m,1786
2011,"oskrba z električno energijo, plinom in paro",srednja,m,1811
2012,"oskrba z električno energijo, plinom in paro",srednja,m,1883
2013,"oskrba z električno energijo, plinom in paro",srednja,m,1883
2014,"oskrba z električno energijo, plinom in paro",srednja,m,1949
2015,"oskrba z električno energijo, plinom in paro",srednja,m,1920
2016,"oskrba z električno energijo, plinom in paro",srednja,m,1911
2017,"oskrba z električno energijo, plinom in paro",srednja,m,1903
2018,"oskrba z električno energijo, plinom in paro",srednja,m,1962
2019,"oskrba z električno energijo, plinom in paro",srednja,m,1999
2008,"oskrba z električno energijo, plinom in paro",srednja,ž,1470
2009,"oskrba z električno energijo, plinom in paro",srednja,ž,1548
2010,"oskrba z električno energijo, plinom in paro",srednja,ž,1604
2011,"oskrba z električno energijo, plinom in paro",srednja,ž,1631
2012,"oskrba z električno energijo, plinom in paro",srednja,ž,1657
2013,"oskrba z električno energijo, plinom in paro",srednja,ž,1692
2014,"oskrba z električno energijo, plinom in paro",srednja,ž,1712
2015,"oskrba z električno energijo, plinom in paro",srednja,ž,1733
2016,"oskrba z električno energijo, plinom in paro",srednja,ž,1754
2017,"oskrba z električno energijo, plinom in paro",srednja,ž,1777
2018,"oskrba z električno energijo, plinom in paro",srednja,ž,1817
2019,"oskrba z električno energijo, plinom in paro",srednja,ž,1872
2008,"oskrba z električno energijo, plinom in paro",visoka,m,2796
2009,"oskrba z električno energijo, plinom in paro",visoka,m,2866
2010,"oskrba z električno energijo, plinom in paro",visoka,m,2909
2011,"oskrba z električno energijo, plinom in paro",visoka,m,2966
2012,"oskrba z električno energijo, plinom in paro",visoka,m,3033
2013,"oskrba z električno energijo, plinom in paro",visoka,m,3073
2014,"oskrba z električno energijo, plinom in paro",visoka,m,3181
2015,"oskrba z električno energijo, plinom in paro",visoka,m,3121
2016,"oskrba z električno energijo, plinom in paro",visoka,m,3170
2017,"oskrba z električno energijo, plinom in paro",visoka,m,3196
2018,"oskrba z električno energijo, plinom in paro",visoka,m,3328
2019,"oskrba z električno energijo, plinom in paro",visoka,m,3398
2008,"oskrba z električno energijo, plinom in paro",visoka,ž,2395
2009,"oskrba z električno energijo, plinom in paro",visoka,ž,2526
2010,"oskrba z električno energijo, plinom in paro",visoka,ž,2600
2011,"oskrba z električno energijo, plinom in paro",visoka,ž,2771
2012,"oskrba z električno energijo, plinom in paro",visoka,ž,2668
2013,"oskrba z električno energijo, plinom in paro",visoka,ž,2747
2014,"oskrba z električno energijo, plinom in paro",visoka,ž,2713
2015,"oskrba z električno energijo, plinom in paro",visoka,ž,2660
2016,"oskrba z električno energijo, plinom in paro",visoka,ž,2630
2017,"oskrba z električno energijo, plinom in paro",visoka,ž,2703
2018,"oskrba z električno energijo, plinom in paro",visoka,ž,2729
2019,"oskrba z električno energijo, plinom in paro",visoka,ž,2801
2008,"oskrba z vodo, ravnanje z odplakami in odpadki, saniranje okolja",osnovna,m,1035
2009,"oskrba z vodo, ravnanje z odplakami in odpadki, saniranje okolja",osnovna,m,1056
2010,"oskrba z vodo, ravnanje z odplakami in odpadki, saniranje okolja",osnovna,m,1097
2011,"oskrba z vodo, ravnanje z odplakami in odpadki, saniranje okolja",osnovna,m,1110
2012,"oskrba z vodo, ravnanje z odplakami in odpadki, saniranje okolja",osnovna,m,1120
2013,"oskrba z vodo, ravnanje z odplakami in odpadki, saniranje okolja",osnovna,m,1134
2014,"oskrba z vodo, ravnanje z odplakami in odpadki, saniranje okolja",osnovna,m,1149
2015,"oskrba z vodo, ravnanje z odplakami in odpadki, saniranje okolja",osnovna,m,1174
2016,"oskrba z vodo, ravnanje z odplakami in odpadki, saniranje okolja",osnovna,m,1186
2017,"oskrba z vodo, ravnanje z odplakami in odpadki, saniranje okolja",osnovna,m,1222
2018,"oskrba z vodo, ravnanje z odplakami in odpadki, saniranje okolja",osnovna,m,1277
2019,"oskrba z vodo, ravnanje z odplakami in odpadki, saniranje okolja",osnovna,m,1314
2008,"oskrba z vodo, ravnanje z odplakami in odpadki, saniranje okolja",osnovna,ž,875
2009,"oskrba z vodo, ravnanje z odplakami in odpadki, saniranje okolja",osnovna,ž,879
2010,"oskrba z vodo, ravnanje z odplakami in odpadki, saniranje okolja",osnovna,ž,924
2011,"oskrba z vodo, ravnanje z odplakami in odpadki, saniranje okolja",osnovna,ž,952
2012,"oskrba z vodo, ravnanje z odplakami in odpadki, saniranje okolja",osnovna,ž,963
2013,"oskrba z vodo, ravnanje z odplakami in odpadki, saniranje okolja",osnovna,ž,955
2014,"oskrba z vodo, ravnanje z odplakami in odpadki, saniranje okolja",osnovna,ž,998
2015,"oskrba z vodo, ravnanje z odplakami in odpadki, saniranje okolja",osnovna,ž,1018
2016,"oskrba z vodo, ravnanje z odplakami in odpadki, saniranje okolja",osnovna,ž,1022
2017,"oskrba z vodo, ravnanje z odplakami in odpadki, saniranje okolja",osnovna,ž,1044
2018,"oskrba z vodo, ravnanje z odplakami in odpadki, saniranje okolja",osnovna,ž,1086
2019,"oskrba z vodo, ravnanje z odplakami in odpadki, saniranje okolja",osnovna,ž,1108
2008,"oskrba z vodo, ravnanje z odplakami in odpadki, saniranje okolja",srednja,m,1309
2009,"oskrba z vodo, ravnanje z odplakami in odpadki, saniranje okolja",srednja,m,1313
2010,"oskrba z vodo, ravnanje z odplakami in odpadki, saniranje okolja",srednja,m,1340
2011,"oskrba z vodo, ravnanje z odplakami in odpadki, saniranje okolja",srednja,m,1336
2012,"oskrba z vodo, ravnanje z odplakami in odpadki, saniranje okolja",srednja,m,1336
2013,"oskrba z vodo, ravnanje z odplakami in odpadki, saniranje okolja",srednja,m,1336
2014,"oskrba z vodo, ravnanje z odplakami in odpadki, saniranje okolja",srednja,m,1345
2015,"oskrba z vodo, ravnanje z odplakami in odpadki, saniranje okolja",srednja,m,1366
2016,"oskrba z vodo, ravnanje z odplakami in odpadki, saniranje okolja",srednja,m,1371
2017,"oskrba z vodo, ravnanje z odplakami in odpadki, saniranje okolja",srednja,m,1404
2018,"oskrba z vodo, ravnanje z odplakami in odpadki, saniranje okolja",srednja,m,1459
2019,"oskrba z vodo, ravnanje z odplakami in odpadki, saniranje okolja",srednja,m,1492
2008,"oskrba z vodo, ravnanje z odplakami in odpadki, saniranje okolja",srednja,ž,1331
2009,"oskrba z vodo, ravnanje z odplakami in odpadki, saniranje okolja",srednja,ž,1354
2010,"oskrba z vodo, ravnanje z odplakami in odpadki, saniranje okolja",srednja,ž,1366
2011,"oskrba z vodo, ravnanje z odplakami in odpadki, saniranje okolja",srednja,ž,1384
2012,"oskrba z vodo, ravnanje z odplakami in odpadki, saniranje okolja",srednja,ž,1352
2013,"oskrba z vodo, ravnanje z odplakami in odpadki, saniranje okolja",srednja,ž,1325
2014,"oskrba z vodo, ravnanje z odplakami in odpadki, saniranje okolja",srednja,ž,1376
2015,"oskrba z vodo, ravnanje z odplakami in odpadki, saniranje okolja",srednja,ž,1366
2016,"oskrba z vodo, ravnanje z odplakami in odpadki, saniranje okolja",srednja,ž,1400
2017,"oskrba z vodo, ravnanje z odplakami in odpadki, saniranje okolja",srednja,ž,1409
2018,"oskrba z vodo, ravnanje z odplakami in odpadki, saniranje okolja",srednja,ž,1430
2019,"oskrba z vodo, ravnanje z odplakami in odpadki, saniranje okolja",srednja,ž,1478
2008,"oskrba z vodo, ravnanje z odplakami in odpadki, saniranje okolja",visoka,m,2813
2009,"oskrba z vodo, ravnanje z odplakami in odpadki, saniranje okolja",visoka,m,2825
2010,"oskrba z vodo, ravnanje z odplakami in odpadki, saniranje okolja",visoka,m,2771
2011,"oskrba z vodo, ravnanje z odplakami in odpadki, saniranje okolja",visoka,m,2710
2012,"oskrba z vodo, ravnanje z odplakami in odpadki, saniranje okolja",visoka,m,2662
2013,"oskrba z vodo, ravnanje z odplakami in odpadki, saniranje okolja",visoka,m,2589
2014,"oskrba z vodo, ravnanje z odplakami in odpadki, saniranje okolja",visoka,m,2576
2015,"oskrba z vodo, ravnanje z odplakami in odpadki, saniranje okolja",visoka,m,2547
2016,"oskrba z vodo, ravnanje z odplakami in odpadki, saniranje okolja",visoka,m,2574
2017,"oskrba z vodo, ravnanje z odplakami in odpadki, saniranje okolja",visoka,m,2623
2018,"oskrba z vodo, ravnanje z odplakami in odpadki, saniranje okolja",visoka,m,2684
2019,"oskrba z vodo, ravnanje z odplakami in odpadki, saniranje okolja",visoka,m,2718
2008,"oskrba z vodo, ravnanje z odplakami in odpadki, saniranje okolja",visoka,ž,2169
2009,"oskrba z vodo, ravnanje z odplakami in odpadki, saniranje okolja",visoka,ž,2205
2010,"oskrba z vodo, ravnanje z odplakami in odpadki, saniranje okolja",visoka,ž,2211
2011,"oskrba z vodo, ravnanje z odplakami in odpadki, saniranje okolja",visoka,ž,2190
2012,"oskrba z vodo, ravnanje z odplakami in odpadki, saniranje okolja",visoka,ž,2224
2013,"oskrba z vodo, ravnanje z odplakami in odpadki, saniranje okolja",visoka,ž,2182
2014,"oskrba z vodo, ravnanje z odplakami in odpadki, saniranje okolja",visoka,ž,2208
2015,"oskrba z vodo, ravnanje z odplakami in odpadki, saniranje okolja",visoka,ž,2186
2016,"oskrba z vodo, ravnanje z odplakami in odpadki, saniranje okolja",visoka,ž,2161
2017,"oskrba z vodo, ravnanje z odplakami in odpadki, saniranje okolja",visoka,ž,2219
2018,"oskrba z vodo, ravnanje z odplakami in odpadki, saniranje okolja",visoka,ž,2254
2019,"oskrba z vodo, ravnanje z odplakami in odpadki, saniranje okolja",visoka,ž,2318
2008,gradbeništvo,osnovna,m,853
2009,gradbeništvo,osnovna,m,829
2010,gradbeništvo,osnovna,m,881
2011,gradbeništvo,osnovna,m,928
2012,gradbeništvo,osnovna,m,968
2013,gradbeništvo,osnovna,m,995
2014,gradbeništvo,osnovna,m,1027
2015,gradbeništvo,osnovna,m,1044
2016,gradbeništvo,osnovna,m,1056
2017,gradbeništvo,osnovna,m,1074
2018,gradbeništvo,osnovna,m,1128
2019,gradbeništvo,osnovna,m,1168
2008,gradbeništvo,osnovna,ž,819
2009,gradbeništvo,osnovna,ž,832
2010,gradbeništvo,osnovna,ž,854
2011,gradbeništvo,osnovna,ž,892
2012,gradbeništvo,osnovna,ž,923
2013,gradbeništvo,osnovna,ž,922
2014,gradbeništvo,osnovna,ž,939
2015,gradbeništvo,osnovna,ž,954
2016,gradbeništvo,osnovna,ž,984
2017,gradbeništvo,osnovna,ž,1006
2018,gradbeništvo,osnovna,ž,1066
2019,gradbeništvo,osnovna,ž,1098
2008,gradbeništvo,srednja,m,1128
2009,gradbeništvo,srednja,m,1090
2010,gradbeništvo,srednja,m,1126
2011,gradbeništvo,srednja,m,1144
2012,gradbeništvo,srednja,m,1157
2013,gradbeništvo,srednja,m,1170
2014,gradbeništvo,srednja,m,1196
2015,gradbeništvo,srednja,m,1207
2016,gradbeništvo,srednja,m,1214
2017,gradbeništvo,srednja,m,1232
2018,gradbeništvo,srednja,m,1303
2019,gradbeništvo,srednja,m,1357
2008,gradbeništvo,srednja,ž,1234
2009,gradbeništvo,srednja,ž,1242
2010,gradbeništvo,srednja,ž,1273
2011,gradbeništvo,srednja,ž,1276
2012,gradbeništvo,srednja,ž,1272
2013,gradbeništvo,srednja,ž,1277
2014,gradbeništvo,srednja,ž,1291
2015,gradbeništvo,srednja,ž,1308
2016,gradbeništvo,srednja,ž,1315
2017,gradbeništvo,srednja,ž,1298
2018,gradbeništvo,srednja,ž,1349
2019,gradbeništvo,srednja,ž,1401
2008,gradbeništvo,visoka,m,2801
2009,gradbeništvo,visoka,m,2701
2010,gradbeništvo,visoka,m,2548
2011,gradbeništvo,visoka,m,2490
2012,gradbeništvo,visoka,m,2403
2013,gradbeništvo,visoka,m,2289
2014,gradbeništvo,visoka,m,2193
2015,gradbeništvo,visoka,m,2176
2016,gradbeništvo,visoka,m,2193
2017,gradbeništvo,visoka,m,2161
2018,gradbeništvo,visoka,m,2241
2019,gradbeništvo,visoka,m,2327
2008,gradbeništvo,visoka,ž,2005
2009,gradbeništvo,visoka,ž,1973
2010,gradbeništvo,visoka,ž,1951
2011,gradbeništvo,visoka,ž,1915
2012,gradbeništvo,visoka,ž,1857
2013,gradbeništvo,visoka,ž,1818
2014,gradbeništvo,visoka,ž,1790
2015,gradbeništvo,visoka,ž,1772
2016,gradbeništvo,visoka,ž,1783
2017,gradbeništvo,visoka,ž,1761
2018,gradbeništvo,visoka,ž,1816
2019,gradbeništvo,visoka,ž,1861
2008,"trgovina, vzdrževanje in popravila motornih vozil",osnovna,m,978
2009,"trgovina, vzdrževanje in popravila motornih vozil",osnovna,m,973
2010,"trgovina, vzdrževanje in popravila motornih vozil",osnovna,m,1017
2011,"trgovina, vzdrževanje in popravila motornih vozil",osnovna,m,1064
2012,"trgovina, vzdrževanje in popravila motornih vozil",osnovna,m,1090
2013,"trgovina, vzdrževanje in popravila motornih vozil",osnovna,m,1104
2014,"trgovina, vzdrževanje in popravila motornih vozil",osnovna,m,1139
2015,"trgovina, vzdrževanje in popravila motornih vozil",osnovna,m,1166
2016,"trgovina, vzdrževanje in popravila motornih vozil",osnovna,m,1197
2017,"trgovina, vzdrževanje in popravila motornih vozil",osnovna,m,1224
2018,"trgovina, vzdrževanje in popravila motornih vozil",osnovna,m,1291
2019,"trgovina, vzdrževanje in popravila motornih vozil",osnovna,m,1348
2008,"trgovina, vzdrževanje in popravila motornih vozil",osnovna,ž,842
2009,"trgovina, vzdrževanje in popravila motornih vozil",osnovna,ž,857
2010,"trgovina, vzdrževanje in popravila motornih vozil",osnovna,ž,901
2011,"trgovina, vzdrževanje in popravila motornih vozil",osnovna,ž,938
2012,"trgovina, vzdrževanje in popravila motornih vozil",osnovna,ž,950
2013,"trgovina, vzdrževanje in popravila motornih vozil",osnovna,ž,963
2014,"trgovina, vzdrževanje in popravila motornih vozil",osnovna,ž,979
2015,"trgovina, vzdrževanje in popravila motornih vozil",osnovna,ž,997
2016,"trgovina, vzdrževanje in popravila motornih vozil",osnovna,ž,1007
2017,"trgovina, vzdrževanje in popravila motornih vozil",osnovna,ž,1036
2018,"trgovina, vzdrževanje in popravila motornih vozil",osnovna,ž,1094
2019,"trgovina, vzdrževanje in popravila motornih vozil",osnovna,ž,1142
2008,"trgovina, vzdrževanje in popravila motornih vozil",srednja,m,1257
2009,"trgovina, vzdrževanje in popravila motornih vozil",srednja,m,1258
2010,"trgovina, vzdrževanje in popravila motornih vozil",srednja,m,1297
2011,"trgovina, vzdrževanje in popravila motornih vozil",srednja,m,1329
2012,"trgovina, vzdrževanje in popravila motornih vozil",srednja,m,1342
2013,"trgovina, vzdrževanje in popravila motornih vozil",srednja,m,1347
2014,"trgovina, vzdrževanje in popravila motornih vozil",srednja,m,1379
2015,"trgovina, vzdrževanje in popravila motornih vozil",srednja,m,1405
2016,"trgovina, vzdrževanje in popravila motornih vozil",srednja,m,1437
2017,"trgovina, vzdrževanje in popravila motornih vozil",srednja,m,1465
2018,"trgovina, vzdrževanje in popravila motornih vozil",srednja,m,1537
2019,"trgovina, vzdrževanje in popravila motornih vozil",srednja,m,1592
2008,"trgovina, vzdrževanje in popravila motornih vozil",srednja,ž,994
2009,"trgovina, vzdrževanje in popravila motornih vozil",srednja,ž,1016
2010,"trgovina, vzdrževanje in popravila motornih vozil",srednja,ž,1063
2011,"trgovina, vzdrževanje in popravila motornih vozil",srednja,ž,1091
2012,"trgovina, vzdrževanje in popravila motornih vozil",srednja,ž,1108
2013,"trgovina, vzdrževanje in popravila motornih vozil",srednja,ž,1118
2014,"trgovina, vzdrževanje in popravila motornih vozil",srednja,ž,1137
2015,"trgovina, vzdrževanje in popravila motornih vozil",srednja,ž,1149
2016,"trgovina, vzdrževanje in popravila motornih vozil",srednja,ž,1173
2017,"trgovina, vzdrževanje in popravila motornih vozil",srednja,ž,1191
2018,"trgovina, vzdrževanje in popravila motornih vozil",srednja,ž,1247
2019,"trgovina, vzdrževanje in popravila motornih vozil",srednja,ž,1298
2008,"trgovina, vzdrževanje in popravila motornih vozil",visoka,m,2671
2009,"trgovina, vzdrževanje in popravila motornih vozil",visoka,m,2641
2010,"trgovina, vzdrževanje in popravila motornih vozil",visoka,m,2631
2011,"trgovina, vzdrževanje in popravila motornih vozil",visoka,m,2683
2012,"trgovina, vzdrževanje in popravila motornih vozil",visoka,m,2687
2013,"trgovina, vzdrževanje in popravila motornih vozil",visoka,m,2574
2014,"trgovina, vzdrževanje in popravila motornih vozil",visoka,m,2557
2015,"trgovina, vzdrževanje in popravila motornih vozil",visoka,m,2557
2016,"trgovina, vzdrževanje in popravila motornih vozil",visoka,m,2570
2017,"trgovina, vzdrževanje in popravila motornih vozil",visoka,m,2567
2018,"trgovina, vzdrževanje in popravila motornih vozil",visoka,m,2614
2019,"trgovina, vzdrževanje in popravila motornih vozil",visoka,m,2674
2008,"trgovina, vzdrževanje in popravila motornih vozil",visoka,ž,2110
2009,"trgovina, vzdrževanje in popravila motornih vozil",visoka,ž,2101
2010,"trgovina, vzdrževanje in popravila motornih vozil",visoka,ž,2143
2011,"trgovina, vzdrževanje in popravila motornih vozil",visoka,ž,2146
2012,"trgovina, vzdrževanje in popravila motornih vozil",visoka,ž,2152
2013,"trgovina, vzdrževanje in popravila motornih vozil",visoka,ž,2114
2014,"trgovina, vzdrževanje in popravila motornih vozil",visoka,ž,2121
2015,"trgovina, vzdrževanje in popravila motornih vozil",visoka,ž,2120
2016,"trgovina, vzdrževanje in popravila motornih vozil",visoka,ž,2112
2017,"trgovina, vzdrževanje in popravila motornih vozil",visoka,ž,2121
2018,"trgovina, vzdrževanje in popravila motornih vozil",visoka,ž,2146
2019,"trgovina, vzdrževanje in popravila motornih vozil",visoka,ž,2202
2008,promet in skladiščenje,osnovna,m,1041
2009,promet in skladiščenje,osnovna,m,1017
2010,promet in skladiščenje,osnovna,m,1041
2011,promet in skladiščenje,osnovna,m,1024
2012,promet in skladiščenje,osnovna,m,1099
2013,promet in skladiščenje,osnovna,m,1108
2014,promet in skladiščenje,osnovna,m,1148
2015,promet in skladiščenje,osnovna,m,1176
2016,promet in skladiščenje,osnovna,m,1172
2017,promet in skladiščenje,osnovna,m,1194
2018,promet in skladiščenje,osnovna,m,1226
2019,promet in skladiščenje,osnovna,m,1243
2008,promet in skladiščenje,osnovna,ž,989
2009,promet in skladiščenje,osnovna,ž,987
2010,promet in skladiščenje,osnovna,ž,1027
2011,promet in skladiščenje,osnovna,ž,1037
2012,promet in skladiščenje,osnovna,ž,1082
2013,promet in skladiščenje,osnovna,ž,1034
2014,promet in skladiščenje,osnovna,ž,1048
2015,promet in skladiščenje,osnovna,ž,1053
2016,promet in skladiščenje,osnovna,ž,1060
2017,promet in skladiščenje,osnovna,ž,1065
2018,promet in skladiščenje,osnovna,ž,1142
2019,promet in skladiščenje,osnovna,ž,1165
2008,promet in skladiščenje,srednja,m,1256
2009,promet in skladiščenje,srednja,m,1228
2010,promet in skladiščenje,srednja,m,1263
2011,promet in skladiščenje,srednja,m,1231
2012,promet in skladiščenje,srednja,m,1276
2013,promet in skladiščenje,srednja,m,1295
2014,promet in skladiščenje,srednja,m,1332
2015,promet in skladiščenje,srednja,m,1356
2016,promet in skladiščenje,srednja,m,1338
2017,promet in skladiščenje,srednja,m,1356
2018,promet in skladiščenje,srednja,m,1407
2019,promet in skladiščenje,srednja,m,1447
2008,promet in skladiščenje,srednja,ž,1297
2009,promet in skladiščenje,srednja,ž,1328
2010,promet in skladiščenje,srednja,ž,1364
2011,promet in skladiščenje,srednja,ž,1398
2012,promet in skladiščenje,srednja,ž,1444
2013,promet in skladiščenje,srednja,ž,1394
2014,promet in skladiščenje,srednja,ž,1424
2015,promet in skladiščenje,srednja,ž,1447
2016,promet in skladiščenje,srednja,ž,1448
2017,promet in skladiščenje,srednja,ž,1459
2018,promet in skladiščenje,srednja,ž,1512
2019,promet in skladiščenje,srednja,ž,1535
2008,promet in skladiščenje,visoka,m,2844
2009,promet in skladiščenje,visoka,m,2859
2010,promet in skladiščenje,visoka,m,2777
2011,promet in skladiščenje,visoka,m,2839
2012,promet in skladiščenje,visoka,m,2669
2013,promet in skladiščenje,visoka,m,2641
2014,promet in skladiščenje,visoka,m,2684
2015,promet in skladiščenje,visoka,m,2706
2016,promet in skladiščenje,visoka,m,2794
2017,promet in skladiščenje,visoka,m,2794
2018,promet in skladiščenje,visoka,m,2855
2019,promet in skladiščenje,visoka,m,2730
2008,promet in skladiščenje,visoka,ž,1943
2009,promet in skladiščenje,visoka,ž,1931
2010,promet in skladiščenje,visoka,ž,1927
2011,promet in skladiščenje,visoka,ž,1971
2012,promet in skladiščenje,visoka,ž,1988
2013,promet in skladiščenje,visoka,ž,2014
2014,promet in skladiščenje,visoka,ž,2029
2015,promet in skladiščenje,visoka,ž,2068
2016,promet in skladiščenje,visoka,ž,2085
2017,promet in skladiščenje,visoka,ž,2093
2018,promet in skladiščenje,visoka,ž,2134
2019,promet in skladiščenje,visoka,ž,2168
2008,gostinstvo,osnovna,m,809
2009,gostinstvo,osnovna,m,817
2010,gostinstvo,osnovna,m,873
2011,gostinstvo,osnovna,m,912
2012,gostinstvo,osnovna,m,916
2013,gostinstvo,osnovna,m,935
2014,gostinstvo,osnovna,m,965
2015,gostinstvo,osnovna,m,986
2016,gostinstvo,osnovna,m,1009
2017,gostinstvo,osnovna,m,1042
2018,gostinstvo,osnovna,m,1129
2019,gostinstvo,osnovna,m,1199
2008,gostinstvo,osnovna,ž,777
2009,gostinstvo,osnovna,ž,803
2010,gostinstvo,osnovna,ž,849
2011,gostinstvo,osnovna,ž,882
2012,gostinstvo,osnovna,ž,895
2013,gostinstvo,osnovna,ž,915
2014,gostinstvo,osnovna,ž,925
2015,gostinstvo,osnovna,ž,939
2016,gostinstvo,osnovna,ž,977
2017,gostinstvo,osnovna,ž,1002
2018,gostinstvo,osnovna,ž,1066
2019,gostinstvo,osnovna,ž,1115
2008,gostinstvo,srednja,m,1018
2009,gostinstvo,srednja,m,1035
2010,gostinstvo,srednja,m,1078
2011,gostinstvo,srednja,m,1109
2012,gostinstvo,srednja,m,1118
2013,gostinstvo,srednja,m,1125
2014,gostinstvo,srednja,m,1134
2015,gostinstvo,srednja,m,1142
2016,gostinstvo,srednja,m,1178
2017,gostinstvo,srednja,m,1202
2018,gostinstvo,srednja,m,1262
2019,gostinstvo,srednja,m,1321
2008,gostinstvo,srednja,ž,913
2009,gostinstvo,srednja,ž,924
2010,gostinstvo,srednja,ž,976
2011,gostinstvo,srednja,ž,1010
2012,gostinstvo,srednja,ž,1021
2013,gostinstvo,srednja,ž,1032
2014,gostinstvo,srednja,ž,1043
2015,gostinstvo,srednja,ž,1049
2016,gostinstvo,srednja,ž,1068
2017,gostinstvo,srednja,ž,1084
2018,gostinstvo,srednja,ž,1143
2019,gostinstvo,srednja,ž,1190
2008,gostinstvo,visoka,m,2511
2009,gostinstvo,visoka,m,2295
2010,gostinstvo,visoka,m,2355
2011,gostinstvo,visoka,m,2233
2012,gostinstvo,visoka,m,2200
2013,gostinstvo,visoka,m,2026
2014,gostinstvo,visoka,m,1946
2015,gostinstvo,visoka,m,1955
2016,gostinstvo,visoka,m,1925
2017,gostinstvo,visoka,m,1925
2018,gostinstvo,visoka,m,1894
2019,gostinstvo,visoka,m,1937
2008,gostinstvo,visoka,ž,1813
2009,gostinstvo,visoka,ž,1785
2010,gostinstvo,visoka,ž,1836
2011,gostinstvo,visoka,ž,1887
2012,gostinstvo,visoka,ž,1800
2013,gostinstvo,visoka,ž,1720
2014,gostinstvo,visoka,ž,1684
2015,gostinstvo,visoka,ž,1679
2016,gostinstvo,visoka,ž,1648
2017,gostinstvo,visoka,ž,1627
2018,gostinstvo,visoka,ž,1654
2019,gostinstvo,visoka,ž,1707
2008,informacijske in komunikacijske dejavnosti,osnovna,m,1299
2009,informacijske in komunikacijske dejavnosti,osnovna,m,1349
2010,informacijske in komunikacijske dejavnosti,osnovna,m,1404
2011,informacijske in komunikacijske dejavnosti,osnovna,m,1368
2012,informacijske in komunikacijske dejavnosti,osnovna,m,1439
2013,informacijske in komunikacijske dejavnosti,osnovna,m,1342
2014,informacijske in komunikacijske dejavnosti,osnovna,m,1490
2015,informacijske in komunikacijske dejavnosti,osnovna,m,1496
2016,informacijske in komunikacijske dejavnosti,osnovna,m,1509
2017,informacijske in komunikacijske dejavnosti,osnovna,m,1531
2018,informacijske in komunikacijske dejavnosti,osnovna,m,1565
2019,informacijske in komunikacijske dejavnosti,osnovna,m,1666
2008,informacijske in komunikacijske dejavnosti,osnovna,ž,1117
2009,informacijske in komunikacijske dejavnosti,osnovna,ž,1088
2010,informacijske in komunikacijske dejavnosti,osnovna,ž,1123
2011,informacijske in komunikacijske dejavnosti,osnovna,ž,1164
2012,informacijske in komunikacijske dejavnosti,osnovna,ž,1165
2013,informacijske in komunikacijske dejavnosti,osnovna,ž,1178
2014,informacijske in komunikacijske dejavnosti,osnovna,ž,1214
2015,informacijske in komunikacijske dejavnosti,osnovna,ž,1263
2016,informacijske in komunikacijske dejavnosti,osnovna,ž,1305
2017,informacijske in komunikacijske dejavnosti,osnovna,ž,1295
2018,informacijske in komunikacijske dejavnosti,osnovna,ž,1347
2019,informacijske in komunikacijske dejavnosti,osnovna,ž,1426
2008,informacijske in komunikacijske dejavnosti,srednja,m,1780
2009,informacijske in komunikacijske dejavnosti,srednja,m,1829
2010,informacijske in komunikacijske dejavnosti,srednja,m,1879
2011,informacijske in komunikacijske dejavnosti,srednja,m,1837
2012,informacijske in komunikacijske dejavnosti,srednja,m,1901
2013,informacijske in komunikacijske dejavnosti,srednja,m,1884
2014,informacijske in komunikacijske dejavnosti,srednja,m,1899
2015,informacijske in komunikacijske dejavnosti,srednja,m,1919
2016,informacijske in komunikacijske dejavnosti,srednja,m,1940
2017,informacijske in komunikacijske dejavnosti,srednja,m,1910
2018,informacijske in komunikacijske dejavnosti,srednja,m,1986
2019,informacijske in komunikacijske dejavnosti,srednja,m,2106
2008,informacijske in komunikacijske dejavnosti,srednja,ž,1483
2009,informacijske in komunikacijske dejavnosti,srednja,ž,1516
2010,informacijske in komunikacijske dejavnosti,srednja,ž,1572
2011,informacijske in komunikacijske dejavnosti,srednja,ž,1542
2012,informacijske in komunikacijske dejavnosti,srednja,ž,1587
2013,informacijske in komunikacijske dejavnosti,srednja,ž,1601
2014,informacijske in komunikacijske dejavnosti,srednja,ž,1603
2015,informacijske in komunikacijske dejavnosti,srednja,ž,1612
2016,informacijske in komunikacijske dejavnosti,srednja,ž,1635
2017,informacijske in komunikacijske dejavnosti,srednja,ž,1617
2018,informacijske in komunikacijske dejavnosti,srednja,ž,1663
2019,informacijske in komunikacijske dejavnosti,srednja,ž,1741
2008,informacijske in komunikacijske dejavnosti,visoka,m,2752
2009,informacijske in komunikacijske dejavnosti,visoka,m,2726
2010,informacijske in komunikacijske dejavnosti,visoka,m,2728
2011,informacijske in komunikacijske dejavnosti,visoka,m,2659
2012,informacijske in komunikacijske dejavnosti,visoka,m,2740
2013,informacijske in komunikacijske dejavnosti,visoka,m,2671
2014,informacijske in komunikacijske dejavnosti,visoka,m,2650
2015,informacijske in komunikacijske dejavnosti,visoka,m,2643
2016,informacijske in komunikacijske dejavnosti,visoka,m,2637
2017,informacijske in komunikacijske dejavnosti,visoka,m,2619
2018,informacijske in komunikacijske dejavnosti,visoka,m,2746
2019,informacijske in komunikacijske dejavnosti,visoka,m,2855
2008,informacijske in komunikacijske dejavnosti,visoka,ž,2215
2009,informacijske in komunikacijske dejavnosti,visoka,ž,2196
2010,informacijske in komunikacijske dejavnosti,visoka,ž,2264
2011,informacijske in komunikacijske dejavnosti,visoka,ž,2245
2012,informacijske in komunikacijske dejavnosti,visoka,ž,2295
2013,informacijske in komunikacijske dejavnosti,visoka,ž,2265
2014,informacijske in komunikacijske dejavnosti,visoka,ž,2273
2015,informacijske in komunikacijske dejavnosti,visoka,ž,2238
2016,informacijske in komunikacijske dejavnosti,visoka,ž,2257
2017,informacijske in komunikacijske dejavnosti,visoka,ž,2214
2018,informacijske in komunikacijske dejavnosti,visoka,ž,2294
2019,informacijske in komunikacijske dejavnosti,visoka,ž,2370
2008,finančne in zavarovalniške dejavnosti,osnovna,m,1556
2009,finančne in zavarovalniške dejavnosti,osnovna,m,1520
2010,finančne in zavarovalniške dejavnosti,osnovna,m,1812
2011,finančne in zavarovalniške dejavnosti,osnovna,m,1593
2012,finančne in zavarovalniške dejavnosti,osnovna,m,1584
2013,finančne in zavarovalniške dejavnosti,osnovna,m,1567
2014,finančne in zavarovalniške dejavnosti,osnovna,m,1593
2015,finančne in zavarovalniške dejavnosti,osnovna,m,1571
2016,finančne in zavarovalniške dejavnosti,osnovna,m,1546
2017,finančne in zavarovalniške dejavnosti,osnovna,m,1501
2018,finančne in zavarovalniške dejavnosti,osnovna,m,1510
2019,finančne in zavarovalniške dejavnosti,osnovna,m,1440
2008,finančne in zavarovalniške dejavnosti,osnovna,ž,1159
2009,finančne in zavarovalniške dejavnosti,osnovna,ž,1172
2010,finančne in zavarovalniške dejavnosti,osnovna,ž,1199
2011,finančne in zavarovalniške dejavnosti,osnovna,ž,1219
2012,finančne in zavarovalniške dejavnosti,osnovna,ž,1204
2013,finančne in zavarovalniške dejavnosti,osnovna,ž,1210
2014,finančne in zavarovalniške dejavnosti,osnovna,ž,1203
2015,finančne in zavarovalniške dejavnosti,osnovna,ž,1296
2016,finančne in zavarovalniške dejavnosti,osnovna,ž,1331
2017,finančne in zavarovalniške dejavnosti,osnovna,ž,1331
2018,finančne in zavarovalniške dejavnosti,osnovna,ž,1386
2019,finančne in zavarovalniške dejavnosti,osnovna,ž,1473
2008,finančne in zavarovalniške dejavnosti,srednja,m,2005
2009,finančne in zavarovalniške dejavnosti,srednja,m,1946
2010,finančne in zavarovalniške dejavnosti,srednja,m,1947
2011,finančne in zavarovalniške dejavnosti,srednja,m,1957
2012,finančne in zavarovalniške dejavnosti,srednja,m,1968
2013,finančne in zavarovalniške dejavnosti,srednja,m,1975
2014,finančne in zavarovalniške dejavnosti,srednja,m,2012
2015,finančne in zavarovalniške dejavnosti,srednja,m,2054
2016,finančne in zavarovalniške dejavnosti,srednja,m,2056
2017,finančne in zavarovalniške dejavnosti,srednja,m,2100
2018,finančne in zavarovalniške dejavnosti,srednja,m,2149
2019,finančne in zavarovalniške dejavnosti,srednja,m,2249
2008,finančne in zavarovalniške dejavnosti,srednja,ž,1481
2009,finančne in zavarovalniške dejavnosti,srednja,ž,1524
2010,finančne in zavarovalniške dejavnosti,srednja,ž,1537
2011,finančne in zavarovalniške dejavnosti,srednja,ž,1543
2012,finančne in zavarovalniške dejavnosti,srednja,ž,1563
2013,finančne in zavarovalniške dejavnosti,srednja,ž,1564
2014,finančne in zavarovalniške dejavnosti,srednja,ž,1586
2015,finančne in zavarovalniške dejavnosti,srednja,ž,1631
2016,finančne in zavarovalniške dejavnosti,srednja,ž,1644
2017,finančne in zavarovalniške dejavnosti,srednja,ž,1648
2018,finančne in zavarovalniške dejavnosti,srednja,ž,1699
2019,finančne in zavarovalniške dejavnosti,srednja,ž,1775
2008,finančne in zavarovalniške dejavnosti,visoka,m,3714
2009,finančne in zavarovalniške dejavnosti,visoka,m,3493
2010,finančne in zavarovalniške dejavnosti,visoka,m,3413
2011,finančne in zavarovalniške dejavnosti,visoka,m,3360
2012,finančne in zavarovalniške dejavnosti,visoka,m,3319
2013,finančne in zavarovalniške dejavnosti,visoka,m,3233
2014,finančne in zavarovalniške dejavnosti,visoka,m,3293
2015,finančne in zavarovalniške dejavnosti,visoka,m,3341
2016,finančne in zavarovalniške dejavnosti,visoka,m,3300
2017,finančne in zavarovalniške dejavnosti,visoka,m,3362
2018,finančne in zavarovalniške dejavnosti,visoka,m,3442
2019,finančne in zavarovalniške dejavnosti,visoka,m,3600
2008,finančne in zavarovalniške dejavnosti,visoka,ž,2481
2009,finančne in zavarovalniške dejavnosti,visoka,ž,2419
2010,finančne in zavarovalniške dejavnosti,visoka,ž,2436
2011,finančne in zavarovalniške dejavnosti,visoka,ž,2456
2012,finančne in zavarovalniške dejavnosti,visoka,ž,2464
2013,finančne in zavarovalniške dejavnosti,visoka,ž,2415
2014,finančne in zavarovalniške dejavnosti,visoka,ž,2435
2015,finančne in zavarovalniške dejavnosti,visoka,ž,2494
2016,finančne in zavarovalniške dejavnosti,visoka,ž,2508
2017,finančne in zavarovalniške dejavnosti,visoka,ž,2536
2018,finančne in zavarovalniške dejavnosti,visoka,ž,2585
2019,finančne in zavarovalniške dejavnosti,visoka,ž,2707
2008,poslovanje z nepremičninami,osnovna,m,918
2009,poslovanje z nepremičninami,osnovna,m,941
2010,poslovanje z nepremičninami,osnovna,m,1018
2011,poslovanje z nepremičninami,osnovna,m,1057
2012,poslovanje z nepremičninami,osnovna,m,1094
2013,poslovanje z nepremičninami,osnovna,m,1073
2014,poslovanje z nepremičninami,osnovna,m,1079
2015,poslovanje z nepremičninami,osnovna,m,1118
2016,poslovanje z nepremičninami,osnovna,m,1140
2017,poslovanje z nepremičninami,osnovna,m,1314
2018,poslovanje z nepremičninami,osnovna,m,1415
2019,poslovanje z nepremičninami,osnovna,m,1451
2008,poslovanje z nepremičninami,osnovna,ž,806
2009,poslovanje z nepremičninami,osnovna,ž,856
2010,poslovanje z nepremičninami,osnovna,ž,867
2011,poslovanje z nepremičninami,osnovna,ž,924
2012,poslovanje z nepremičninami,osnovna,ž,931
2013,poslovanje z nepremičninami,osnovna,ž,972
2014,poslovanje z nepremičninami,osnovna,ž,978
2015,poslovanje z nepremičninami,osnovna,ž,960
2016,poslovanje z nepremičninami,osnovna,ž,954
2017,poslovanje z nepremičninami,osnovna,ž,968
2018,poslovanje z nepremičninami,osnovna,ž,1007
2019,poslovanje z nepremičninami,osnovna,ž,1074
2008,poslovanje z nepremičninami,srednja,m,1231
2009,poslovanje z nepremičninami,srednja,m,1260
2010,poslovanje z nepremičninami,srednja,m,1306
2011,poslovanje z nepremičninami,srednja,m,1353
2012,poslovanje z nepremičninami,srednja,m,1352
2013,poslovanje z nepremičninami,srednja,m,1349
2014,poslovanje z nepremičninami,srednja,m,1381
2015,poslovanje z nepremičninami,srednja,m,1386
2016,poslovanje z nepremičninami,srednja,m,1402
2017,poslovanje z nepremičninami,srednja,m,1754
2018,poslovanje z nepremičninami,srednja,m,1861
2019,poslovanje z nepremičninami,srednja,m,1916
2008,poslovanje z nepremičninami,srednja,ž,1217
2009,poslovanje z nepremičninami,srednja,ž,1257
2010,poslovanje z nepremičninami,srednja,ž,1296
2011,poslovanje z nepremičninami,srednja,ž,1327
2012,poslovanje z nepremičninami,srednja,ž,1361
2013,poslovanje z nepremičninami,srednja,ž,1406
2014,poslovanje z nepremičninami,srednja,ž,1373
2015,poslovanje z nepremičninami,srednja,ž,1406
2016,poslovanje z nepremičninami,srednja,ž,1405
2017,poslovanje z nepremičninami,srednja,ž,1497
2018,poslovanje z nepremičninami,srednja,ž,1544
2019,poslovanje z nepremičninami,srednja,ž,1622
2008,poslovanje z nepremičninami,visoka,m,2469
2009,poslovanje z nepremičninami,visoka,m,2367
2010,poslovanje z nepremičninami,visoka,m,2256
2011,poslovanje z nepremičninami,visoka,m,2301
2012,poslovanje z nepremičninami,visoka,m,2283
2013,poslovanje z nepremičninami,visoka,m,2217
2014,poslovanje z nepremičninami,visoka,m,2207
2015,poslovanje z nepremičninami,visoka,m,2131
2016,poslovanje z nepremičninami,visoka,m,2073
2017,poslovanje z nepremičninami,visoka,m,2097
2018,poslovanje z nepremičninami,visoka,m,2188
2019,poslovanje z nepremičninami,visoka,m,2236
2008,poslovanje z nepremičninami,visoka,ž,1805
2009,poslovanje z nepremičninami,visoka,ž,1830
2010,poslovanje z nepremičninami,visoka,ž,1786
2011,poslovanje z nepremičninami,visoka,ž,1817
2012,poslovanje z nepremičninami,visoka,ž,1828
2013,poslovanje z nepremičninami,visoka,ž,1892
2014,poslovanje z nepremičninami,visoka,ž,1855
2015,poslovanje z nepremičninami,visoka,ž,1872
2016,poslovanje z nepremičninami,visoka,ž,1902
2017,poslovanje z nepremičninami,visoka,ž,1881
2018,poslovanje z nepremičninami,visoka,ž,1884
2019,poslovanje z nepremičninami,visoka,ž,1931
2008,"strokovne, znanstvene in tehnične dejavnosti",osnovna,m,982
2009,"strokovne, znanstvene in tehnične dejavnosti",osnovna,m,990
2010,"strokovne, znanstvene in tehnične dejavnosti",osnovna,m,1012
2011,"strokovne, znanstvene in tehnične dejavnosti",osnovna,m,1024
2012,"strokovne, znanstvene in tehnične dejavnosti",osnovna,m,1069
2013,"strokovne, znanstvene in tehnične dejavnosti",osnovna,m,1042
2014,"strokovne, znanstvene in tehnične dejavnosti",osnovna,m,1089
2015,"strokovne, znanstvene in tehnične dejavnosti",osnovna,m,1084
2016,"strokovne, znanstvene in tehnične dejavnosti",osnovna,m,1110
2017,"strokovne, znanstvene in tehnične dejavnosti",osnovna,m,1161
2018,"strokovne, znanstvene in tehnične dejavnosti",osnovna,m,1220
2019,"strokovne, znanstvene in tehnične dejavnosti",osnovna,m,1299
2008,"strokovne, znanstvene in tehnične dejavnosti",osnovna,ž,885
2009,"strokovne, znanstvene in tehnične dejavnosti",osnovna,ž,886
2010,"strokovne, znanstvene in tehnične dejavnosti",osnovna,ž,905
2011,"strokovne, znanstvene in tehnične dejavnosti",osnovna,ž,981
2012,"strokovne, znanstvene in tehnične dejavnosti",osnovna,ž,1046
2013,"strokovne, znanstvene in tehnične dejavnosti",osnovna,ž,1033
2014,"strokovne, znanstvene in tehnične dejavnosti",osnovna,ž,1017
2015,"strokovne, znanstvene in tehnične dejavnosti",osnovna,ž,1044
2016,"strokovne, znanstvene in tehnične dejavnosti",osnovna,ž,1057
2017,"strokovne, znanstvene in tehnične dejavnosti",osnovna,ž,1047
2018,"strokovne, znanstvene in tehnične dejavnosti",osnovna,ž,1070
2019,"strokovne, znanstvene in tehnične dejavnosti",osnovna,ž,1097
2008,"strokovne, znanstvene in tehnične dejavnosti",srednja,m,1348
2009,"strokovne, znanstvene in tehnične dejavnosti",srednja,m,1361
2010,"strokovne, znanstvene in tehnične dejavnosti",srednja,m,1394
2011,"strokovne, znanstvene in tehnične dejavnosti",srednja,m,1404
2012,"strokovne, znanstvene in tehnične dejavnosti",srednja,m,1416
2013,"strokovne, znanstvene in tehnične dejavnosti",srednja,m,1396
2014,"strokovne, znanstvene in tehnične dejavnosti",srednja,m,1407
2015,"strokovne, znanstvene in tehnične dejavnosti",srednja,m,1418
2016,"strokovne, znanstvene in tehnične dejavnosti",srednja,m,1425
2017,"strokovne, znanstvene in tehnične dejavnosti",srednja,m,1442
2018,"strokovne, znanstvene in tehnične dejavnosti",srednja,m,1518
2019,"strokovne, znanstvene in tehnične dejavnosti",srednja,m,1594
2008,"strokovne, znanstvene in tehnične dejavnosti",srednja,ž,1258
2009,"strokovne, znanstvene in tehnične dejavnosti",srednja,ž,1307
2010,"strokovne, znanstvene in tehnične dejavnosti",srednja,ž,1340
2011,"strokovne, znanstvene in tehnične dejavnosti",srednja,ž,1373
2012,"strokovne, znanstvene in tehnične dejavnosti",srednja,ž,1395
2013,"strokovne, znanstvene in tehnične dejavnosti",srednja,ž,1392
2014,"strokovne, znanstvene in tehnične dejavnosti",srednja,ž,1407
2015,"strokovne, znanstvene in tehnične dejavnosti",srednja,ž,1423
2016,"strokovne, znanstvene in tehnične dejavnosti",srednja,ž,1423
2017,"strokovne, znanstvene in tehnične dejavnosti",srednja,ž,1429
2018,"strokovne, znanstvene in tehnične dejavnosti",srednja,ž,1476
2019,"strokovne, znanstvene in tehnične dejavnosti",srednja,ž,1531
2008,"strokovne, znanstvene in tehnične dejavnosti",visoka,m,2415
2009,"strokovne, znanstvene in tehnične dejavnosti",visoka,m,2437
2010,"strokovne, znanstvene in tehnične dejavnosti",visoka,m,2438
2011,"strokovne, znanstvene in tehnične dejavnosti",visoka,m,2426
2012,"strokovne, znanstvene in tehnične dejavnosti",visoka,m,2430
2013,"strokovne, znanstvene in tehnične dejavnosti",visoka,m,2366
2014,"strokovne, znanstvene in tehnične dejavnosti",visoka,m,2350
2015,"strokovne, znanstvene in tehnične dejavnosti",visoka,m,2351
2016,"strokovne, znanstvene in tehnične dejavnosti",visoka,m,2354
2017,"strokovne, znanstvene in tehnične dejavnosti",visoka,m,2372
2018,"strokovne, znanstvene in tehnične dejavnosti",visoka,m,2459
2019,"strokovne, znanstvene in tehnične dejavnosti",visoka,m,2587
2008,"strokovne, znanstvene in tehnične dejavnosti",visoka,ž,2011
2009,"strokovne, znanstvene in tehnične dejavnosti",visoka,ž,2024
2010,"strokovne, znanstvene in tehnične dejavnosti",visoka,ž,2046
2011,"strokovne, znanstvene in tehnične dejavnosti",visoka,ž,2069
2012,"strokovne, znanstvene in tehnične dejavnosti",visoka,ž,2085
2013,"strokovne, znanstvene in tehnične dejavnosti",visoka,ž,2039
2014,"strokovne, znanstvene in tehnične dejavnosti",visoka,ž,2083
2015,"strokovne, znanstvene in tehnične dejavnosti",visoka,ž,2082
2016,"strokovne, znanstvene in tehnične dejavnosti",visoka,ž,2081
2017,"strokovne, znanstvene in tehnične dejavnosti",visoka,ž,2093
2018,"strokovne, znanstvene in tehnične dejavnosti",visoka,ž,2144
2019,"strokovne, znanstvene in tehnične dejavnosti",visoka,ž,2228
2008,druge poslovne dejavnosti,osnovna,m,897
2009,druge poslovne dejavnosti,osnovna,m,857
2010,druge poslovne dejavnosti,osnovna,m,895
2011,druge poslovne dejavnosti,osnovna,m,941
2012,druge poslovne dejavnosti,osnovna,m,978
2013,druge poslovne dejavnosti,osnovna,m,990
2014,druge poslovne dejavnosti,osnovna,m,1009
2015,druge poslovne dejavnosti,osnovna,m,1016
2016,druge poslovne dejavnosti,osnovna,m,1040
2017,druge poslovne dejavnosti,osnovna,m,1060
2018,druge poslovne dejavnosti,osnovna,m,1113
2019,druge poslovne dejavnosti,osnovna,m,1168
2008,druge poslovne dejavnosti,osnovna,ž,642
2009,druge poslovne dejavnosti,osnovna,ž,663
2010,druge poslovne dejavnosti,osnovna,ž,722
2011,druge poslovne dejavnosti,osnovna,ž,775
2012,druge poslovne dejavnosti,osnovna,ž,821
2013,druge poslovne dejavnosti,osnovna,ž,843
2014,druge poslovne dejavnosti,osnovna,ž,856
2015,druge poslovne dejavnosti,osnovna,ž,876
2016,druge poslovne dejavnosti,osnovna,ž,879
2017,druge poslovne dejavnosti,osnovna,ž,891
2018,druge poslovne dejavnosti,osnovna,ž,946
2019,druge poslovne dejavnosti,osnovna,ž,987
2008,druge poslovne dejavnosti,srednja,m,1033
2009,druge poslovne dejavnosti,srednja,m,1014
2010,druge poslovne dejavnosti,srednja,m,1049
2011,druge poslovne dejavnosti,srednja,m,1078
2012,druge poslovne dejavnosti,srednja,m,1094
2013,druge poslovne dejavnosti,srednja,m,1093
2014,druge poslovne dejavnosti,srednja,m,1134
2015,druge poslovne dejavnosti,srednja,m,1155
2016,druge poslovne dejavnosti,srednja,m,1187
2017,druge poslovne dejavnosti,srednja,m,1213
2018,druge poslovne dejavnosti,srednja,m,1278
2019,druge poslovne dejavnosti,srednja,m,1331
2008,druge poslovne dejavnosti,srednja,ž,956
2009,druge poslovne dejavnosti,srednja,ž,944
2010,druge poslovne dejavnosti,srednja,ž,970
2011,druge poslovne dejavnosti,srednja,ž,997
2012,druge poslovne dejavnosti,srednja,ž,1030
2013,druge poslovne dejavnosti,srednja,ž,1029
2014,druge poslovne dejavnosti,srednja,ž,1062
2015,druge poslovne dejavnosti,srednja,ž,1066
2016,druge poslovne dejavnosti,srednja,ž,1082
2017,druge poslovne dejavnosti,srednja,ž,1087
2018,druge poslovne dejavnosti,srednja,ž,1135
2019,druge poslovne dejavnosti,srednja,ž,1182
2008,druge poslovne dejavnosti,visoka,m,2017
2009,druge poslovne dejavnosti,visoka,m,2007
2010,druge poslovne dejavnosti,visoka,m,1849
2011,druge poslovne dejavnosti,visoka,m,1923
2012,druge poslovne dejavnosti,visoka,m,1823
2013,druge poslovne dejavnosti,visoka,m,1713
2014,druge poslovne dejavnosti,visoka,m,1774
2015,druge poslovne dejavnosti,visoka,m,1805
2016,druge poslovne dejavnosti,visoka,m,1811
2017,druge poslovne dejavnosti,visoka,m,1899
2018,druge poslovne dejavnosti,visoka,m,1962
2019,druge poslovne dejavnosti,visoka,m,1982
2008,druge poslovne dejavnosti,visoka,ž,1596
2009,druge poslovne dejavnosti,visoka,ž,1547
2010,druge poslovne dejavnosti,visoka,ž,1627
2011,druge poslovne dejavnosti,visoka,ž,1661
2012,druge poslovne dejavnosti,visoka,ž,1601
2013,druge poslovne dejavnosti,visoka,ž,1566
2014,druge poslovne dejavnosti,visoka,ž,1596
2015,druge poslovne dejavnosti,visoka,ž,1611
2016,druge poslovne dejavnosti,visoka,ž,1618
2017,druge poslovne dejavnosti,visoka,ž,1633
2018,druge poslovne dejavnosti,visoka,ž,1672
2019,druge poslovne dejavnosti,visoka,ž,1729
2008,dejavnost javne uprave in obrambe ter dejavnost obvezne socialne varnosti,osnovna,m,1016
2009,dejavnost javne uprave in obrambe ter dejavnost obvezne socialne varnosti,osnovna,m,1018
2010,dejavnost javne uprave in obrambe ter dejavnost obvezne socialne varnosti,osnovna,m,979
2011,dejavnost javne uprave in obrambe ter dejavnost obvezne socialne varnosti,osnovna,m,961
2012,dejavnost javne uprave in obrambe ter dejavnost obvezne socialne varnosti,osnovna,m,922
2013,dejavnost javne uprave in obrambe ter dejavnost obvezne socialne varnosti,osnovna,m,892
2014,dejavnost javne uprave in obrambe ter dejavnost obvezne socialne varnosti,osnovna,m,924
2015,dejavnost javne uprave in obrambe ter dejavnost obvezne socialne varnosti,osnovna,m,908
2016,dejavnost javne uprave in obrambe ter dejavnost obvezne socialne varnosti,osnovna,m,906
2017,dejavnost javne uprave in obrambe ter dejavnost obvezne socialne varnosti,osnovna,m,928
2018,dejavnost javne uprave in obrambe ter dejavnost obvezne socialne varnosti,osnovna,m,973
2019,dejavnost javne uprave in obrambe ter dejavnost obvezne socialne varnosti,osnovna,m,1021
2008,dejavnost javne uprave in obrambe ter dejavnost obvezne socialne varnosti,osnovna,ž,816
2009,dejavnost javne uprave in obrambe ter dejavnost obvezne socialne varnosti,osnovna,ž,856
2010,dejavnost javne uprave in obrambe ter dejavnost obvezne socialne varnosti,osnovna,ž,874
2011,dejavnost javne uprave in obrambe ter dejavnost obvezne socialne varnosti,osnovna,ž,870
2012,dejavnost javne uprave in obrambe ter dejavnost obvezne socialne varnosti,osnovna,ž,869
2013,dejavnost javne uprave in obrambe ter dejavnost obvezne socialne varnosti,osnovna,ž,888
2014,dejavnost javne uprave in obrambe ter dejavnost obvezne socialne varnosti,osnovna,ž,880
2015,dejavnost javne uprave in obrambe ter dejavnost obvezne socialne varnosti,osnovna,ž,880
2016,dejavnost javne uprave in obrambe ter dejavnost obvezne socialne varnosti,osnovna,ž,890
2017,dejavnost javne uprave in obrambe ter dejavnost obvezne socialne varnosti,osnovna,ž,917
2018,dejavnost javne uprave in obrambe ter dejavnost obvezne socialne varnosti,osnovna,ž,967
2019,dejavnost javne uprave in obrambe ter dejavnost obvezne socialne varnosti,osnovna,ž,1047
2008,dejavnost javne uprave in obrambe ter dejavnost obvezne socialne varnosti,srednja,m,1421
2009,dejavnost javne uprave in obrambe ter dejavnost obvezne socialne varnosti,srednja,m,1554
2010,dejavnost javne uprave in obrambe ter dejavnost obvezne socialne varnosti,srednja,m,1504
2011,dejavnost javne uprave in obrambe ter dejavnost obvezne socialne varnosti,srednja,m,1504
2012,dejavnost javne uprave in obrambe ter dejavnost obvezne socialne varnosti,srednja,m,1482
2013,dejavnost javne uprave in obrambe ter dejavnost obvezne socialne varnosti,srednja,m,1378
2014,dejavnost javne uprave in obrambe ter dejavnost obvezne socialne varnosti,srednja,m,1484
2015,dejavnost javne uprave in obrambe ter dejavnost obvezne socialne varnosti,srednja,m,1512
2016,dejavnost javne uprave in obrambe ter dejavnost obvezne socialne varnosti,srednja,m,1618
2017,dejavnost javne uprave in obrambe ter dejavnost obvezne socialne varnosti,srednja,m,1686
2018,dejavnost javne uprave in obrambe ter dejavnost obvezne socialne varnosti,srednja,m,1782
2019,dejavnost javne uprave in obrambe ter dejavnost obvezne socialne varnosti,srednja,m,2023
2008,dejavnost javne uprave in obrambe ter dejavnost obvezne socialne varnosti,srednja,ž,1110
2009,dejavnost javne uprave in obrambe ter dejavnost obvezne socialne varnosti,srednja,ž,1182
2010,dejavnost javne uprave in obrambe ter dejavnost obvezne socialne varnosti,srednja,ž,1188
2011,dejavnost javne uprave in obrambe ter dejavnost obvezne socialne varnosti,srednja,ž,1184
2012,dejavnost javne uprave in obrambe ter dejavnost obvezne socialne varnosti,srednja,ž,1176
2013,dejavnost javne uprave in obrambe ter dejavnost obvezne socialne varnosti,srednja,ž,1160
2014,dejavnost javne uprave in obrambe ter dejavnost obvezne socialne varnosti,srednja,ž,1194
2015,dejavnost javne uprave in obrambe ter dejavnost obvezne socialne varnosti,srednja,ž,1198
2016,dejavnost javne uprave in obrambe ter dejavnost obvezne socialne varnosti,srednja,ž,1240
2017,dejavnost javne uprave in obrambe ter dejavnost obvezne socialne varnosti,srednja,ž,1293
2018,dejavnost javne uprave in obrambe ter dejavnost obvezne socialne varnosti,srednja,ž,1354
2019,dejavnost javne uprave in obrambe ter dejavnost obvezne socialne varnosti,srednja,ž,1481
2008,dejavnost javne uprave in obrambe ter dejavnost obvezne socialne varnosti,visoka,m,2322
2009,dejavnost javne uprave in obrambe ter dejavnost obvezne socialne varnosti,visoka,m,2446
2010,dejavnost javne uprave in obrambe ter dejavnost obvezne socialne varnosti,visoka,m,2407
2011,dejavnost javne uprave in obrambe ter dejavnost obvezne socialne varnosti,visoka,m,2384
2012,dejavnost javne uprave in obrambe ter dejavnost obvezne socialne varnosti,visoka,m,2269
2013,dejavnost javne uprave in obrambe ter dejavnost obvezne socialne varnosti,visoka,m,2246
2014,dejavnost javne uprave in obrambe ter dejavnost obvezne socialne varnosti,visoka,m,2225
2015,dejavnost javne uprave in obrambe ter dejavnost obvezne socialne varnosti,visoka,m,2253
2016,dejavnost javne uprave in obrambe ter dejavnost obvezne socialne varnosti,visoka,m,2352
2017,dejavnost javne uprave in obrambe ter dejavnost obvezne socialne varnosti,visoka,m,2419
2018,dejavnost javne uprave in obrambe ter dejavnost obvezne socialne varnosti,visoka,m,2454
2019,dejavnost javne uprave in obrambe ter dejavnost obvezne socialne varnosti,visoka,m,2668
2008,dejavnost javne uprave in obrambe ter dejavnost obvezne socialne varnosti,visoka,ž,2039
2009,dejavnost javne uprave in obrambe ter dejavnost obvezne socialne varnosti,visoka,ž,2111
2010,dejavnost javne uprave in obrambe ter dejavnost obvezne socialne varnosti,visoka,ž,2115
2011,dejavnost javne uprave in obrambe ter dejavnost obvezne socialne varnosti,visoka,ž,2112
2012,dejavnost javne uprave in obrambe ter dejavnost obvezne socialne varnosti,visoka,ž,2032
2013,dejavnost javne uprave in obrambe ter dejavnost obvezne socialne varnosti,visoka,ž,2017
2014,dejavnost javne uprave in obrambe ter dejavnost obvezne socialne varnosti,visoka,ž,2027
2015,dejavnost javne uprave in obrambe ter dejavnost obvezne socialne varnosti,visoka,ž,2058
2016,dejavnost javne uprave in obrambe ter dejavnost obvezne socialne varnosti,visoka,ž,2131
2017,dejavnost javne uprave in obrambe ter dejavnost obvezne socialne varnosti,visoka,ž,2190
2018,dejavnost javne uprave in obrambe ter dejavnost obvezne socialne varnosti,visoka,ž,2211
2019,dejavnost javne uprave in obrambe ter dejavnost obvezne socialne varnosti,visoka,ž,2347
2008,izobraževanje,osnovna,m,951
2009,izobraževanje,osnovna,m,1013
2010,izobraževanje,osnovna,m,1047
2011,izobraževanje,osnovna,m,1061
2012,izobraževanje,osnovna,m,1021
2013,izobraževanje,osnovna,m,1002
2014,izobraževanje,osnovna,m,1049
2015,izobraževanje,osnovna,m,1030
2016,izobraževanje,osnovna,m,1048
2017,izobraževanje,osnovna,m,1126
2018,izobraževanje,osnovna,m,1150
2019,izobraževanje,osnovna,m,1223
2008,izobraževanje,osnovna,ž,760
2009,izobraževanje,osnovna,ž,813
2010,izobraževanje,osnovna,ž,825
2011,izobraževanje,osnovna,ž,834
2012,izobraževanje,osnovna,ž,828
2013,izobraževanje,osnovna,ž,824
2014,izobraževanje,osnovna,ž,837
2015,izobraževanje,osnovna,ž,833
2016,izobraževanje,osnovna,ž,850
2017,izobraževanje,osnovna,ž,887
2018,izobraževanje,osnovna,ž,941
2019,izobraževanje,osnovna,ž,1003
2008,izobraževanje,srednja,m,1191
2009,izobraževanje,srednja,m,1220
2010,izobraževanje,srednja,m,1212
2011,izobraževanje,srednja,m,1184
2012,izobraževanje,srednja,m,1142
2013,izobraževanje,srednja,m,1098
2014,izobraževanje,srednja,m,1109
2015,izobraževanje,srednja,m,1097
2016,izobraževanje,srednja,m,1125
2017,izobraževanje,srednja,m,1156
2018,izobraževanje,srednja,m,1185
2019,izobraževanje,srednja,m,1260
2008,izobraževanje,srednja,ž,1274
2009,izobraževanje,srednja,ž,1324
2010,izobraževanje,srednja,ž,1312
2011,izobraževanje,srednja,ž,1277
2012,izobraževanje,srednja,ž,1231
2013,izobraževanje,srednja,ž,1192
2014,izobraževanje,srednja,ž,1194
2015,izobraževanje,srednja,ž,1166
2016,izobraževanje,srednja,ž,1173
2017,izobraževanje,srednja,ž,1196
2018,izobraževanje,srednja,ž,1214
2019,izobraževanje,srednja,ž,1257
2008,izobraževanje,visoka,m,2334
2009,izobraževanje,visoka,m,2440
2010,izobraževanje,visoka,m,2478
2011,izobraževanje,visoka,m,2475
2012,izobraževanje,visoka,m,2391
2013,izobraževanje,visoka,m,2305
2014,izobraževanje,visoka,m,2340
2015,izobraževanje,visoka,m,2338
2016,izobraževanje,visoka,m,2358
2017,izobraževanje,visoka,m,2424
2018,izobraževanje,visoka,m,2425
2019,izobraževanje,visoka,m,2545
2008,izobraževanje,visoka,ž,1976
2009,izobraževanje,visoka,ž,2056
2010,izobraževanje,visoka,ž,2070
2011,izobraževanje,visoka,ž,2076
2012,izobraževanje,visoka,ž,2023
2013,izobraževanje,visoka,ž,1947
2014,izobraževanje,visoka,ž,1980
2015,izobraževanje,visoka,ž,1973
2016,izobraževanje,visoka,ž,1997
2017,izobraževanje,visoka,ž,2031
2018,izobraževanje,visoka,ž,2031
2019,izobraževanje,visoka,ž,2136
2008,zdravstvo in socialno varstvo,osnovna,m,871
2009,zdravstvo in socialno varstvo,osnovna,m,956
2010,zdravstvo in socialno varstvo,osnovna,m,962
2011,zdravstvo in socialno varstvo,osnovna,m,965
2012,zdravstvo in socialno varstvo,osnovna,m,957
2013,zdravstvo in socialno varstvo,osnovna,m,954
2014,zdravstvo in socialno varstvo,osnovna,m,986
2015,zdravstvo in socialno varstvo,osnovna,m,965
2016,zdravstvo in socialno varstvo,osnovna,m,994
2017,zdravstvo in socialno varstvo,osnovna,m,1026
2018,zdravstvo in socialno varstvo,osnovna,m,1091
2019,zdravstvo in socialno varstvo,osnovna,m,1157
2008,zdravstvo in socialno varstvo,osnovna,ž,829
2009,zdravstvo in socialno varstvo,osnovna,ž,938
2010,zdravstvo in socialno varstvo,osnovna,ž,944
2011,zdravstvo in socialno varstvo,osnovna,ž,954
2012,zdravstvo in socialno varstvo,osnovna,ž,949
2013,zdravstvo in socialno varstvo,osnovna,ž,949
2014,zdravstvo in socialno varstvo,osnovna,ž,983
2015,zdravstvo in socialno varstvo,osnovna,ž,952
2016,zdravstvo in socialno varstvo,osnovna,ž,994
2017,zdravstvo in socialno varstvo,osnovna,ž,1031
2018,zdravstvo in socialno varstvo,osnovna,ž,1089
2019,zdravstvo in socialno varstvo,osnovna,ž,1158
2008,zdravstvo in socialno varstvo,srednja,m,1232
2009,zdravstvo in socialno varstvo,srednja,m,1349
2010,zdravstvo in socialno varstvo,srednja,m,1342
2011,zdravstvo in socialno varstvo,srednja,m,1344
2012,zdravstvo in socialno varstvo,srednja,m,1318
2013,zdravstvo in socialno varstvo,srednja,m,1302
2014,zdravstvo in socialno varstvo,srednja,m,1350
2015,zdravstvo in socialno varstvo,srednja,m,1320
2016,zdravstvo in socialno varstvo,srednja,m,1355
2017,zdravstvo in socialno varstvo,srednja,m,1390
2018,zdravstvo in socialno varstvo,srednja,m,1454
2019,zdravstvo in socialno varstvo,srednja,m,1548
2008,zdravstvo in socialno varstvo,srednja,ž,1199
2009,zdravstvo in socialno varstvo,srednja,ž,1328
2010,zdravstvo in socialno varstvo,srednja,ž,1319
2011,zdravstvo in socialno varstvo,srednja,ž,1319
2012,zdravstvo in socialno varstvo,srednja,ž,1302
2013,zdravstvo in socialno varstvo,srednja,ž,1291
2014,zdravstvo in socialno varstvo,srednja,ž,1327
2015,zdravstvo in socialno varstvo,srednja,ž,1291
2016,zdravstvo in socialno varstvo,srednja,ž,1322
2017,zdravstvo in socialno varstvo,srednja,ž,1356
2018,zdravstvo in socialno varstvo,srednja,ž,1412
2019,zdravstvo in socialno varstvo,srednja,ž,1485
2008,zdravstvo in socialno varstvo,visoka,m,3345
2009,zdravstvo in socialno varstvo,visoka,m,3798
2010,zdravstvo in socialno varstvo,visoka,m,3674
2011,zdravstvo in socialno varstvo,visoka,m,3515
2012,zdravstvo in socialno varstvo,visoka,m,3413
2013,zdravstvo in socialno varstvo,visoka,m,3240
2014,zdravstvo in socialno varstvo,visoka,m,3300
2015,zdravstvo in socialno varstvo,visoka,m,3153
2016,zdravstvo in socialno varstvo,visoka,m,3187
2017,zdravstvo in socialno varstvo,visoka,m,3228
2018,zdravstvo in socialno varstvo,visoka,m,3317
2019,zdravstvo in socialno varstvo,visoka,m,3387
2008,zdravstvo in socialno varstvo,visoka,ž,2197
2009,zdravstvo in socialno varstvo,visoka,ž,2486
2010,zdravstvo in socialno varstvo,visoka,ž,2433
2011,zdravstvo in socialno varstvo,visoka,ž,2398
2012,zdravstvo in socialno varstvo,visoka,ž,2350
2013,zdravstvo in socialno varstvo,visoka,ž,2275
2014,zdravstvo in socialno varstvo,visoka,ž,2338
2015,zdravstvo in socialno varstvo,visoka,ž,2270
2016,zdravstvo in socialno varstvo,visoka,ž,2323
2017,zdravstvo in socialno varstvo,visoka,ž,2349
2018,zdravstvo in socialno varstvo,visoka,ž,2422
2019,zdravstvo in socialno varstvo,visoka,ž,2482
2008,"kulturne, razvedrilne in rekreacijske dejavnosti",osnovna,m,1160
2009,"kulturne, razvedrilne in rekreacijske dejavnosti",osnovna,m,1198
2010,"kulturne, razvedrilne in rekreacijske dejavnosti",osnovna,m,1197
2011,"kulturne, razvedrilne in rekreacijske dejavnosti",osnovna,m,1199
2012,"kulturne, razvedrilne in rekreacijske dejavnosti",osnovna,m,1150
2013,"kulturne, razvedrilne in rekreacijske dejavnosti",osnovna,m,1121
2014,"kulturne, razvedrilne in rekreacijske dejavnosti",osnovna,m,1174
2015,"kulturne, razvedrilne in rekreacijske dejavnosti",osnovna,m,1188
2016,"kulturne, razvedrilne in rekreacijske dejavnosti",osnovna,m,1196
2017,"kulturne, razvedrilne in rekreacijske dejavnosti",osnovna,m,1246
2018,"kulturne, razvedrilne in rekreacijske dejavnosti",osnovna,m,1255
2019,"kulturne, razvedrilne in rekreacijske dejavnosti",osnovna,m,1316
2008,"kulturne, razvedrilne in rekreacijske dejavnosti",osnovna,ž,919
2009,"kulturne, razvedrilne in rekreacijske dejavnosti",osnovna,ž,1000
2010,"kulturne, razvedrilne in rekreacijske dejavnosti",osnovna,ž,1000
2011,"kulturne, razvedrilne in rekreacijske dejavnosti",osnovna,ž,994
2012,"kulturne, razvedrilne in rekreacijske dejavnosti",osnovna,ž,968
2013,"kulturne, razvedrilne in rekreacijske dejavnosti",osnovna,ž,967
2014,"kulturne, razvedrilne in rekreacijske dejavnosti",osnovna,ž,973
2015,"kulturne, razvedrilne in rekreacijske dejavnosti",osnovna,ž,974
2016,"kulturne, razvedrilne in rekreacijske dejavnosti",osnovna,ž,1006
2017,"kulturne, razvedrilne in rekreacijske dejavnosti",osnovna,ž,1053
2018,"kulturne, razvedrilne in rekreacijske dejavnosti",osnovna,ž,1088
2019,"kulturne, razvedrilne in rekreacijske dejavnosti",osnovna,ž,1146
2008,"kulturne, razvedrilne in rekreacijske dejavnosti",srednja,m,1689
2009,"kulturne, razvedrilne in rekreacijske dejavnosti",srednja,m,1707
2010,"kulturne, razvedrilne in rekreacijske dejavnosti",srednja,m,1663
2011,"kulturne, razvedrilne in rekreacijske dejavnosti",srednja,m,1636
2012,"kulturne, razvedrilne in rekreacijske dejavnosti",srednja,m,1559
2013,"kulturne, razvedrilne in rekreacijske dejavnosti",srednja,m,1505
2014,"kulturne, razvedrilne in rekreacijske dejavnosti",srednja,m,1543
2015,"kulturne, razvedrilne in rekreacijske dejavnosti",srednja,m,1506
2016,"kulturne, razvedrilne in rekreacijske dejavnosti",srednja,m,1556
2017,"kulturne, razvedrilne in rekreacijske dejavnosti",srednja,m,1550
2018,"kulturne, razvedrilne in rekreacijske dejavnosti",srednja,m,1586
2019,"kulturne, razvedrilne in rekreacijske dejavnosti",srednja,m,1648
2008,"kulturne, razvedrilne in rekreacijske dejavnosti",srednja,ž,1381
2009,"kulturne, razvedrilne in rekreacijske dejavnosti",srednja,ž,1417
2010,"kulturne, razvedrilne in rekreacijske dejavnosti",srednja,ž,1423
2011,"kulturne, razvedrilne in rekreacijske dejavnosti",srednja,ž,1419
2012,"kulturne, razvedrilne in rekreacijske dejavnosti",srednja,ž,1385
2013,"kulturne, razvedrilne in rekreacijske dejavnosti",srednja,ž,1356
2014,"kulturne, razvedrilne in rekreacijske dejavnosti",srednja,ž,1390
2015,"kulturne, razvedrilne in rekreacijske dejavnosti",srednja,ž,1360
2016,"kulturne, razvedrilne in rekreacijske dejavnosti",srednja,ž,1398
2017,"kulturne, razvedrilne in rekreacijske dejavnosti",srednja,ž,1408
2018,"kulturne, razvedrilne in rekreacijske dejavnosti",srednja,ž,1446
2019,"kulturne, razvedrilne in rekreacijske dejavnosti",srednja,ž,1506
2008,"kulturne, razvedrilne in rekreacijske dejavnosti",visoka,m,2335
2009,"kulturne, razvedrilne in rekreacijske dejavnosti",visoka,m,2455
2010,"kulturne, razvedrilne in rekreacijske dejavnosti",visoka,m,2383
2011,"kulturne, razvedrilne in rekreacijske dejavnosti",visoka,m,2383
2012,"kulturne, razvedrilne in rekreacijske dejavnosti",visoka,m,2296
2013,"kulturne, razvedrilne in rekreacijske dejavnosti",visoka,m,2217
2014,"kulturne, razvedrilne in rekreacijske dejavnosti",visoka,m,2232
2015,"kulturne, razvedrilne in rekreacijske dejavnosti",visoka,m,2174
2016,"kulturne, razvedrilne in rekreacijske dejavnosti",visoka,m,2237
2017,"kulturne, razvedrilne in rekreacijske dejavnosti",visoka,m,2196
2018,"kulturne, razvedrilne in rekreacijske dejavnosti",visoka,m,2234
2019,"kulturne, razvedrilne in rekreacijske dejavnosti",visoka,m,2296
2008,"kulturne, razvedrilne in rekreacijske dejavnosti",visoka,ž,1917
2009,"kulturne, razvedrilne in rekreacijske dejavnosti",visoka,ž,2028
2010,"kulturne, razvedrilne in rekreacijske dejavnosti",visoka,ž,2032
2011,"kulturne, razvedrilne in rekreacijske dejavnosti",visoka,ž,2011
2012,"kulturne, razvedrilne in rekreacijske dejavnosti",visoka,ž,1971
2013,"kulturne, razvedrilne in rekreacijske dejavnosti",visoka,ž,1923
2014,"kulturne, razvedrilne in rekreacijske dejavnosti",visoka,ž,1937
2015,"kulturne, razvedrilne in rekreacijske dejavnosti",visoka,ž,1915
2016,"kulturne, razvedrilne in rekreacijske dejavnosti",visoka,ž,1969
2017,"kulturne, razvedrilne in rekreacijske dejavnosti",visoka,ž,1998
2018,"kulturne, razvedrilne in rekreacijske dejavnosti",visoka,ž,2003
2019,"kulturne, razvedrilne in rekreacijske dejavnosti",visoka,ž,2106
2008,druge dejavnosti,osnovna,m,968
2009,druge dejavnosti,osnovna,m,999
2010,druge dejavnosti,osnovna,m,1070
2011,druge dejavnosti,osnovna,m,1113
2012,druge dejavnosti,osnovna,m,1094
2013,druge dejavnosti,osnovna,m,1171
2014,druge dejavnosti,osnovna,m,1159
2015,druge dejavnosti,osnovna,m,1190
2016,druge dejavnosti,osnovna,m,1214
2017,druge dejavnosti,osnovna,m,1252
2018,druge dejavnosti,osnovna,m,1281
2019,druge dejavnosti,osnovna,m,1337
2008,druge dejavnosti,osnovna,ž,786
2009,druge dejavnosti,osnovna,ž,795
2010,druge dejavnosti,osnovna,ž,829
2011,druge dejavnosti,osnovna,ž,889
2012,druge dejavnosti,osnovna,ž,927
2013,druge dejavnosti,osnovna,ž,929
2014,druge dejavnosti,osnovna,ž,937
2015,druge dejavnosti,osnovna,ž,948
2016,druge dejavnosti,osnovna,ž,954
2017,druge dejavnosti,osnovna,ž,953
2018,druge dejavnosti,osnovna,ž,990
2019,druge dejavnosti,osnovna,ž,1050
2008,druge dejavnosti,srednja,m,1183
2009,druge dejavnosti,srednja,m,1199
2010,druge dejavnosti,srednja,m,1266
2011,druge dejavnosti,srednja,m,1287
2012,druge dejavnosti,srednja,m,1295
2013,druge dejavnosti,srednja,m,1273
2014,druge dejavnosti,srednja,m,1306
2015,druge dejavnosti,srednja,m,1287
2016,druge dejavnosti,srednja,m,1287
2017,druge dejavnosti,srednja,m,1282
2018,druge dejavnosti,srednja,m,1309
2019,druge dejavnosti,srednja,m,1375
2008,druge dejavnosti,srednja,ž,900
2009,druge dejavnosti,srednja,ž,926
2010,druge dejavnosti,srednja,ž,972
2011,druge dejavnosti,srednja,ž,1020
2012,druge dejavnosti,srednja,ž,1024
2013,druge dejavnosti,srednja,ž,1021
2014,druge dejavnosti,srednja,ž,1031
2015,druge dejavnosti,srednja,ž,1039
2016,druge dejavnosti,srednja,ž,1050
2017,druge dejavnosti,srednja,ž,1059
2018,druge dejavnosti,srednja,ž,1084
2019,druge dejavnosti,srednja,ž,1148
2008,druge dejavnosti,visoka,m,2550
2009,druge dejavnosti,visoka,m,2640
2010,druge dejavnosti,visoka,m,2649
2011,druge dejavnosti,visoka,m,2574
2012,druge dejavnosti,visoka,m,2506
2013,druge dejavnosti,visoka,m,2436
2014,druge dejavnosti,visoka,m,2352
2015,druge dejavnosti,visoka,m,2368
2016,druge dejavnosti,visoka,m,2353
2017,druge dejavnosti,visoka,m,2251
2018,druge dejavnosti,visoka,m,2276
2019,druge dejavnosti,visoka,m,2266
2008,druge dejavnosti,visoka,ž,2068
2009,druge dejavnosti,visoka,ž,2119
2010,druge dejavnosti,visoka,ž,2115
2011,druge dejavnosti,visoka,ž,2132
2012,druge dejavnosti,visoka,ž,2124
2013,druge dejavnosti,visoka,ž,2074
2014,druge dejavnosti,visoka,ž,2036
2015,druge dejavnosti,visoka,ž,2018
2016,druge dejavnosti,visoka,ž,1982
2017,druge dejavnosti,visoka,ž,1967
2018,druge dejavnosti,visoka,ž,1982
2019,druge dejavnosti,visoka,ž,2043
