"SKD DEJAVNOST","DOSEŽENA IZOBRAZBA","SPOL","2008 Bruto Povpreèje","2009 Bruto Povpreèje","2010 Bruto Povpreèje","2011 Bruto Povpreèje","2012 Bruto Povpreèje","2013 Bruto Povpreèje","2014 Bruto Povpreèje","2015 Bruto Povpreèje","2016 Bruto Povpreèje","2017 Bruto Povpreèje","2018 Bruto Povpreèje","2019 Bruto Povpreèje"
"SKD DEJAVNOST - SKUPAJ","Izobrazba - SKUPAJ","Spol - SKUPAJ",1427,1477,1538,1582,1601,1598,1637,1652,1686,1722,1778,1851
"SKD DEJAVNOST - SKUPAJ","Izobrazba - SKUPAJ","Moški",1474,1496,1564,1617,1639,1639,1678,1698,1733,1770,1837,1900
"SKD DEJAVNOST - SKUPAJ","Izobrazba - SKUPAJ","Ženske",1368,1453,1506,1542,1555,1551,1589,1598,1631,1664,1708,1790
"SKD DEJAVNOST - SKUPAJ","Osnovnošolska ali manj","Spol - SKUPAJ",891,895,952,993,1022,1037,1068,1087,1103,1135,1193,1238
"SKD DEJAVNOST - SKUPAJ","Osnovnošolska ali manj","Moški",955,940,1003,1052,1088,1108,1143,1170,1189,1223,1284,1323
"SKD DEJAVNOST - SKUPAJ","Osnovnošolska ali manj","Ženske",793,824,873,909,929,940,964,973,987,1015,1067,1114
"SKD DEJAVNOST - SKUPAJ","Srednješolska","Spol - SKUPAJ",1203,1219,1265,1287,1301,1302,1334,1346,1365,1390,1447,1506
"SKD DEJAVNOST - SKUPAJ","Srednješolska","Moški",1269,1264,1316,1345,1363,1364,1400,1418,1438,1466,1531,1588
"SKD DEJAVNOST - SKUPAJ","Srednješolska","Ženske",1105,1152,1189,1202,1210,1209,1232,1233,1249,1266,1311,1365
"SKD DEJAVNOST - SKUPAJ","Višješolska, visokošolska","Spol - SKUPAJ",2322,2362,2375,2375,2347,2292,2311,2313,2334,2356,2401,2487
"SKD DEJAVNOST - SKUPAJ","Višješolska, visokošolska","Moški",2644,2657,2661,2657,2633,2568,2569,2579,2596,2615,2681,2771
"SKD DEJAVNOST - SKUPAJ","Višješolska, visokošolska","Ženske",2079,2144,2164,2171,2144,2097,2125,2123,2147,2169,2199,2284
"A KMETIJSTVO IN LOV, GOZDARSTVO, RIBIŠTVO","Izobrazba - SKUPAJ","Spol - SKUPAJ",1195,1212,1263,1312,1310,1300,1336,1343,1311,1331,1414,1452
"A KMETIJSTVO IN LOV, GOZDARSTVO, RIBIŠTVO","Izobrazba - SKUPAJ","Moški",1247,1255,1303,1352,1349,1339,1380,1388,1344,1356,1440,1472
"A KMETIJSTVO IN LOV, GOZDARSTVO, RIBIŠTVO","Izobrazba - SKUPAJ","Ženske",1079,1113,1175,1219,1219,1210,1235,1243,1245,1282,1365,1414
"A KMETIJSTVO IN LOV, GOZDARSTVO, RIBIŠTVO","Osnovnošolska ali manj","Spol - SKUPAJ",929,943,977,1011,1010,1014,1053,1061,1050,1047,1110,1152
"A KMETIJSTVO IN LOV, GOZDARSTVO, RIBIŠTVO","Osnovnošolska ali manj","Moški",967,980,1012,1054,1049,1049,1096,1104,1088,1083,1137,1179
"A KMETIJSTVO IN LOV, GOZDARSTVO, RIBIŠTVO","Osnovnošolska ali manj","Ženske",792,819,856,874,886,905,928,942,959,968,1051,1092
"A KMETIJSTVO IN LOV, GOZDARSTVO, RIBIŠTVO","Srednješolska","Spol - SKUPAJ",1091,1105,1143,1190,1195,1192,1228,1241,1218,1214,1260,1302
"A KMETIJSTVO IN LOV, GOZDARSTVO, RIBIŠTVO","Srednješolska","Moški",1151,1153,1192,1236,1237,1230,1270,1284,1254,1241,1287,1335
"A KMETIJSTVO IN LOV, GOZDARSTVO, RIBIŠTVO","Srednješolska","Ženske",975,1000,1038,1082,1092,1100,1123,1136,1140,1154,1201,1228
"A KMETIJSTVO IN LOV, GOZDARSTVO, RIBIŠTVO","Višješolska, visokošolska","Spol - SKUPAJ",2345,2313,2323,2351,2303,2197,2171,2093,1958,1959,2114,2113
"A KMETIJSTVO IN LOV, GOZDARSTVO, RIBIŠTVO","Višješolska, visokošolska","Moški",2755,2688,2738,2738,2688,2568,2511,2380,2158,2075,2281,2292
"A KMETIJSTVO IN LOV, GOZDARSTVO, RIBIŠTVO","Višješolska, visokošolska","Ženske",1808,1832,1854,1894,1845,1755,1763,1732,1722,1795,1898,1917
"B RUDARSTVO","Izobrazba - SKUPAJ","Spol - SKUPAJ",1843,1891,1937,2024,2128,2061,2189,2096,2146,2246,2350,2352
"B RUDARSTVO","Izobrazba - SKUPAJ","Moški",1873,1923,1966,2057,2167,2091,2221,2132,2184,2292,2410,2414
"B RUDARSTVO","Izobrazba - SKUPAJ","Ženske",1602,1655,1717,1795,1847,1835,1954,1827,1881,1937,1992,1978
"B RUDARSTVO","Osnovnošolska ali manj","Spol - SKUPAJ",1386,1383,1334,1365,1376,1354,1365,1354,1408,1399,1500,1504
"B RUDARSTVO","Osnovnošolska ali manj","Moški",1401,1403,1353,1389,1404,1369,1381,1367,1420,1413,1530,1535
"B RUDARSTVO","Osnovnošolska ali manj","Ženske",1059,988,943,1002,921,1151,1147,1195,1228,1233,1240,1255
"B RUDARSTVO","Srednješolska","Spol - SKUPAJ",1801,1821,1858,1938,2038,1971,2095,2014,2054,2140,2237,2221
"B RUDARSTVO","Srednješolska","Moški",1843,1860,1894,1977,2081,2004,2127,2048,2098,2189,2301,2286
"B RUDARSTVO","Srednješolska","Ženske",1423,1479,1528,1581,1620,1624,1760,1639,1629,1661,1676,1639
"B RUDARSTVO","Višješolska, visokošolska","Spol - SKUPAJ",2748,2734,2770,2843,2903,2782,2961,2727,2843,2995,3033,3114
"B RUDARSTVO","Višješolska, visokošolska","Moški",2978,2959,2992,3089,3158,3000,3200,2951,3059,3271,3281,3392
"B RUDARSTVO","Višješolska, visokošolska","Ženske",2108,2110,2146,2228,2247,2194,2302,2123,2287,2335,2446,2463
"C PREDELOVALNE DEJAVNOSTI","Izobrazba - SKUPAJ","Spol - SKUPAJ",1226,1241,1348,1411,1457,1478,1535,1576,1604,1647,1707,1765
"C PREDELOVALNE DEJAVNOSTI","Izobrazba - SKUPAJ","Moški",1318,1309,1419,1484,1525,1546,1600,1644,1676,1724,1791,1844
"C PREDELOVALNE DEJAVNOSTI","Izobrazba - SKUPAJ","Ženske",1059,1107,1206,1264,1313,1336,1394,1430,1450,1482,1528,1593
"C PREDELOVALNE DEJAVNOSTI","Osnovnošolska ali manj","Spol - SKUPAJ",898,901,983,1033,1062,1081,1121,1151,1171,1206,1266,1315
"C PREDELOVALNE DEJAVNOSTI","Osnovnošolska ali manj","Moški",980,968,1053,1104,1132,1156,1197,1236,1263,1304,1374,1423
"C PREDELOVALNE DEJAVNOSTI","Osnovnošolska ali manj","Ženske",792,808,885,932,959,976,1011,1030,1038,1068,1113,1156
"C PREDELOVALNE DEJAVNOSTI","Srednješolska","Spol - SKUPAJ",1139,1132,1219,1268,1299,1316,1358,1387,1409,1438,1495,1544
"C PREDELOVALNE DEJAVNOSTI","Srednješolska","Moški",1215,1190,1281,1336,1366,1382,1426,1457,1483,1517,1582,1630
"C PREDELOVALNE DEJAVNOSTI","Srednješolska","Ženske",968,992,1068,1104,1128,1143,1179,1200,1211,1228,1267,1311
"C PREDELOVALNE DEJAVNOSTI","Višješolska, visokošolska","Spol - SKUPAJ",2475,2378,2518,2566,2579,2537,2584,2617,2624,2619,2659,2714
"C PREDELOVALNE DEJAVNOSTI","Višješolska, visokošolska","Moški",2672,2540,2677,2722,2728,2666,2706,2742,2760,2765,2819,2880
"C PREDELOVALNE DEJAVNOSTI","Višješolska, visokošolska","Ženske",2165,2117,2257,2312,2336,2321,2382,2407,2401,2380,2407,2457
"D OSKRBA Z ELEKTRIÈNO ENERGIJO, PLINOM IN PARO","Izobrazba - SKUPAJ","Spol - SKUPAJ",1959,2051,2120,2205,2300,2321,2403,2376,2403,2431,2526,2590
"D OSKRBA Z ELEKTRIÈNO ENERGIJO, PLINOM IN PARO","Izobrazba - SKUPAJ","Moški",1995,2079,2141,2216,2332,2342,2439,2405,2437,2455,2561,2623
"D OSKRBA Z ELEKTRIÈNO ENERGIJO, PLINOM IN PARO","Izobrazba - SKUPAJ","Ženske",1794,1925,2022,2151,2165,2226,2252,2253,2257,2330,2380,2455
"D OSKRBA Z ELEKTRIÈNO ENERGIJO, PLINOM IN PARO","Osnovnošolska ali manj","Spol - SKUPAJ",1330,1382,1426,1472,1528,1539,1528,1524,1536,1516,1537,1601
"D OSKRBA Z ELEKTRIÈNO ENERGIJO, PLINOM IN PARO","Osnovnošolska ali manj","Moški",1378,1426,1479,1519,1580,1591,1567,1571,1589,1568,1594,1654
"D OSKRBA Z ELEKTRIÈNO ENERGIJO, PLINOM IN PARO","Osnovnošolska ali manj","Ženske",1162,1220,1221,1266,1335,1340,1373,1351,1336,1333,1313,1372
"D OSKRBA Z ELEKTRIÈNO ENERGIJO, PLINOM IN PARO","Srednješolska","Spol - SKUPAJ",1648,1722,1759,1786,1849,1855,1913,1893,1889,1886,1943,1982
"D OSKRBA Z ELEKTRIÈNO ENERGIJO, PLINOM IN PARO","Srednješolska","Moški",1682,1754,1786,1811,1883,1883,1949,1920,1911,1903,1962,1999
"D OSKRBA Z ELEKTRIÈNO ENERGIJO, PLINOM IN PARO","Srednješolska","Ženske",1470,1548,1604,1631,1657,1692,1712,1733,1754,1777,1817,1872
"D OSKRBA Z ELEKTRIÈNO ENERGIJO, PLINOM IN PARO","Višješolska, visokošolska","Spol - SKUPAJ",2707,2788,2839,2925,2949,2998,3067,3007,3037,3075,3175,3247
"D OSKRBA Z ELEKTRIÈNO ENERGIJO, PLINOM IN PARO","Višješolska, visokošolska","Moški",2796,2866,2909,2966,3033,3073,3181,3121,3170,3196,3328,3398
"D OSKRBA Z ELEKTRIÈNO ENERGIJO, PLINOM IN PARO","Višješolska, visokošolska","Ženske",2395,2526,2600,2771,2668,2747,2713,2660,2630,2703,2729,2801
"E OSKRBA Z VODO, RAVNANJE Z ODPLAKAMI IN ODPADKI, SANIRANJE OKOLJA","Izobrazba - SKUPAJ","Spol - SKUPAJ",1419,1444,1477,1493,1502,1502,1538,1551,1570,1616,1669,1712
"E OSKRBA Z VODO, RAVNANJE Z ODPLAKAMI IN ODPADKI, SANIRANJE OKOLJA","Izobrazba - SKUPAJ","Moški",1380,1398,1434,1445,1457,1461,1486,1504,1521,1567,1625,1659
"E OSKRBA Z VODO, RAVNANJE Z ODPLAKAMI IN ODPADKI, SANIRANJE OKOLJA","Izobrazba - SKUPAJ","Ženske",1569,1619,1648,1675,1672,1646,1730,1725,1754,1800,1832,1911
"E OSKRBA Z VODO, RAVNANJE Z ODPLAKAMI IN ODPADKI, SANIRANJE OKOLJA","Osnovnošolska ali manj","Spol - SKUPAJ",1020,1039,1080,1095,1103,1113,1134,1158,1170,1205,1257,1294
"E OSKRBA Z VODO, RAVNANJE Z ODPLAKAMI IN ODPADKI, SANIRANJE OKOLJA","Osnovnošolska ali manj","Moški",1035,1056,1097,1110,1120,1134,1149,1174,1186,1222,1277,1314
"E OSKRBA Z VODO, RAVNANJE Z ODPLAKAMI IN ODPADKI, SANIRANJE OKOLJA","Osnovnošolska ali manj","Ženske",875,879,924,952,963,955,998,1018,1022,1044,1086,1108
"E OSKRBA Z VODO, RAVNANJE Z ODPLAKAMI IN ODPADKI, SANIRANJE OKOLJA","Srednješolska","Spol - SKUPAJ",1313,1320,1345,1344,1339,1334,1350,1366,1376,1405,1455,1490
"E OSKRBA Z VODO, RAVNANJE Z ODPLAKAMI IN ODPADKI, SANIRANJE OKOLJA","Srednješolska","Moški",1309,1313,1340,1336,1336,1336,1345,1366,1371,1404,1459,1492
"E OSKRBA Z VODO, RAVNANJE Z ODPLAKAMI IN ODPADKI, SANIRANJE OKOLJA","Srednješolska","Ženske",1331,1354,1366,1384,1352,1325,1376,1366,1400,1409,1430,1478
"E OSKRBA Z VODO, RAVNANJE Z ODPLAKAMI IN ODPADKI, SANIRANJE OKOLJA","Višješolska, visokošolska","Spol - SKUPAJ",2511,2525,2507,2466,2462,2401,2408,2381,2384,2437,2486,2529
"E OSKRBA Z VODO, RAVNANJE Z ODPLAKAMI IN ODPADKI, SANIRANJE OKOLJA","Višješolska, visokošolska","Moški",2813,2825,2771,2710,2662,2589,2576,2547,2574,2623,2684,2718
"E OSKRBA Z VODO, RAVNANJE Z ODPLAKAMI IN ODPADKI, SANIRANJE OKOLJA","Višješolska, visokošolska","Ženske",2169,2205,2211,2190,2224,2182,2208,2186,2161,2219,2254,2318
"F GRADBENIŠTVO","Izobrazba - SKUPAJ","Spol - SKUPAJ",1137,1119,1167,1207,1228,1245,1266,1279,1294,1311,1379,1429
"F GRADBENIŠTVO","Izobrazba - SKUPAJ","Moški",1114,1093,1142,1183,1205,1224,1248,1261,1275,1294,1363,1413
"F GRADBENIŠTVO","Izobrazba - SKUPAJ","Ženske",1368,1381,1410,1418,1429,1424,1435,1446,1465,1462,1522,1578
"F GRADBENIŠTVO","Osnovnošolska ali manj","Spol - SKUPAJ",852,829,880,927,966,991,1023,1040,1053,1071,1126,1165
"F GRADBENIŠTVO","Osnovnošolska ali manj","Moški",853,829,881,928,968,995,1027,1044,1056,1074,1128,1168
"F GRADBENIŠTVO","Osnovnošolska ali manj","Ženske",819,832,854,892,923,922,939,954,984,1006,1066,1098
"F GRADBENIŠTVO","Srednješolska","Spol - SKUPAJ",1138,1104,1139,1157,1167,1179,1204,1215,1222,1237,1306,1360
"F GRADBENIŠTVO","Srednješolska","Moški",1128,1090,1126,1144,1157,1170,1196,1207,1214,1232,1303,1357
"F GRADBENIŠTVO","Srednješolska","Ženske",1234,1242,1273,1276,1272,1277,1291,1308,1315,1298,1349,1401
"F GRADBENIŠTVO","Višješolska, visokošolska","Spol - SKUPAJ",2552,2474,2366,2310,2225,2141,2067,2052,2065,2033,2102,2171
"F GRADBENIŠTVO","Višješolska, visokošolska","Moški",2801,2701,2548,2490,2403,2289,2193,2176,2193,2161,2241,2327
"F GRADBENIŠTVO","Višješolska, visokošolska","Ženske",2005,1973,1951,1915,1857,1818,1790,1772,1783,1761,1816,1861
"G TRGOVINA, VZDRŽEVANJE IN POPRAVILA MOTORNIH VOZIL","Izobrazba - SKUPAJ","Spol - SKUPAJ",1297,1320,1374,1419,1444,1452,1485,1514,1549,1584,1648,1708
"G TRGOVINA, VZDRŽEVANJE IN POPRAVILA MOTORNIH VOZIL","Izobrazba - SKUPAJ","Moški",1433,1443,1486,1537,1559,1559,1593,1627,1664,1703,1774,1830
"G TRGOVINA, VZDRŽEVANJE IN POPRAVILA MOTORNIH VOZIL","Izobrazba - SKUPAJ","Ženske",1167,1201,1264,1304,1335,1351,1382,1404,1434,1468,1526,1587
"G TRGOVINA, VZDRŽEVANJE IN POPRAVILA MOTORNIH VOZIL","Osnovnošolska ali manj","Spol - SKUPAJ",936,939,984,1028,1051,1065,1093,1119,1144,1171,1238,1292
"G TRGOVINA, VZDRŽEVANJE IN POPRAVILA MOTORNIH VOZIL","Osnovnošolska ali manj","Moški",978,973,1017,1064,1090,1104,1139,1166,1197,1224,1291,1348
"G TRGOVINA, VZDRŽEVANJE IN POPRAVILA MOTORNIH VOZIL","Osnovnošolska ali manj","Ženske",842,857,901,938,950,963,979,997,1007,1036,1094,1142
"G TRGOVINA, VZDRŽEVANJE IN POPRAVILA MOTORNIH VOZIL","Srednješolska","Spol - SKUPAJ",1117,1132,1177,1207,1221,1229,1256,1276,1307,1329,1394,1450
"G TRGOVINA, VZDRŽEVANJE IN POPRAVILA MOTORNIH VOZIL","Srednješolska","Moški",1257,1258,1297,1329,1342,1347,1379,1405,1437,1465,1537,1592
"G TRGOVINA, VZDRŽEVANJE IN POPRAVILA MOTORNIH VOZIL","Srednješolska","Ženske",994,1016,1063,1091,1108,1118,1137,1149,1173,1191,1247,1298
"G TRGOVINA, VZDRŽEVANJE IN POPRAVILA MOTORNIH VOZIL","Višješolska, visokošolska","Spol - SKUPAJ",2370,2349,2363,2386,2382,2310,2307,2308,2309,2312,2343,2400
"G TRGOVINA, VZDRŽEVANJE IN POPRAVILA MOTORNIH VOZIL","Višješolska, visokošolska","Moški",2671,2641,2631,2683,2687,2574,2557,2557,2570,2567,2614,2674
"G TRGOVINA, VZDRŽEVANJE IN POPRAVILA MOTORNIH VOZIL","Višješolska, visokošolska","Ženske",2110,2101,2143,2146,2152,2114,2121,2120,2112,2121,2146,2202
"H PROMET IN SKLADIŠÈENJE","Izobrazba - SKUPAJ","Spol - SKUPAJ",1363,1361,1397,1409,1441,1452,1492,1522,1525,1543,1594,1607
"H PROMET IN SKLADIŠÈENJE","Izobrazba - SKUPAJ","Moški",1344,1332,1368,1366,1397,1416,1458,1487,1486,1505,1554,1566
"H PROMET IN SKLADIŠÈENJE","Izobrazba - SKUPAJ","Ženske",1440,1479,1516,1574,1619,1589,1624,1658,1677,1696,1750,1783
"H PROMET IN SKLADIŠÈENJE","Osnovnošolska ali manj","Spol - SKUPAJ",1037,1015,1041,1025,1098,1103,1142,1168,1164,1184,1220,1238
"H PROMET IN SKLADIŠÈENJE","Osnovnošolska ali manj","Moški",1041,1017,1041,1024,1099,1108,1148,1176,1172,1194,1226,1243
"H PROMET IN SKLADIŠÈENJE","Osnovnošolska ali manj","Ženske",989,987,1027,1037,1082,1034,1048,1053,1060,1065,1142,1165
"H PROMET IN SKLADIŠÈENJE","Srednješolska","Spol - SKUPAJ",1264,1246,1281,1261,1305,1312,1347,1371,1356,1372,1423,1459
"H PROMET IN SKLADIŠÈENJE","Srednješolska","Moški",1256,1228,1263,1231,1276,1295,1332,1356,1338,1356,1407,1447
"H PROMET IN SKLADIŠÈENJE","Srednješolska","Ženske",1297,1328,1364,1398,1444,1394,1424,1447,1448,1459,1512,1535
"H PROMET IN SKLADIŠÈENJE","Višješolska, visokošolska","Spol - SKUPAJ",2442,2442,2401,2442,2366,2360,2389,2424,2465,2472,2519,2471
"H PROMET IN SKLADIŠÈENJE","Višješolska, visokošolska","Moški",2844,2859,2777,2839,2669,2641,2684,2706,2794,2794,2855,2730
"H PROMET IN SKLADIŠÈENJE","Višješolska, visokošolska","Ženske",1943,1931,1927,1971,1988,2014,2029,2068,2085,2093,2134,2168
"I GOSTINSTVO","Izobrazba - SKUPAJ","Spol - SKUPAJ",1008,1022,1078,1117,1130,1141,1152,1165,1188,1210,1266,1321
"I GOSTINSTVO","Izobrazba - SKUPAJ","Moški",1098,1099,1149,1178,1190,1195,1205,1221,1248,1276,1330,1389
"I GOSTINSTVO","Izobrazba - SKUPAJ","Ženske",954,973,1032,1077,1090,1105,1116,1128,1148,1165,1221,1274
"I GOSTINSTVO","Osnovnošolska ali manj","Spol - SKUPAJ",785,807,856,891,901,920,936,951,985,1013,1082,1138
"I GOSTINSTVO","Osnovnošolska ali manj","Moški",809,817,873,912,916,935,965,986,1009,1042,1129,1199
"I GOSTINSTVO","Osnovnošolska ali manj","Ženske",777,803,849,882,895,915,925,939,977,1002,1066,1115
"I GOSTINSTVO","Srednješolska","Spol - SKUPAJ",958,972,1021,1054,1064,1073,1083,1090,1117,1137,1196,1249
"I GOSTINSTVO","Srednješolska","Moški",1018,1035,1078,1109,1118,1125,1134,1142,1178,1202,1262,1321
"I GOSTINSTVO","Srednješolska","Ženske",913,924,976,1010,1021,1032,1043,1049,1068,1084,1143,1190
"I GOSTINSTVO","Višješolska, visokošolska","Spol - SKUPAJ",2052,1956,2009,2004,1931,1820,1771,1770,1736,1722,1732,1781
"I GOSTINSTVO","Višješolska, visokošolska","Moški",2511,2295,2355,2233,2200,2026,1946,1955,1925,1925,1894,1937
"I GOSTINSTVO","Višješolska, visokošolska","Ženske",1813,1785,1836,1887,1800,1720,1684,1679,1648,1627,1654,1707
"J INFORMACIJSKE IN KOMUNIKACIJSKE DEJAVNOSTI","Izobrazba - SKUPAJ","Spol - SKUPAJ",2063,2091,2154,2126,2208,2181,2195,2207,2234,2221,2324,2431
"J INFORMACIJSKE IN KOMUNIKACIJSKE DEJAVNOSTI","Izobrazba - SKUPAJ","Moški",2186,2215,2264,2219,2313,2276,2289,2307,2330,2322,2437,2554
"J INFORMACIJSKE IN KOMUNIKACIJSKE DEJAVNOSTI","Izobrazba - SKUPAJ","Ženske",1829,1856,1937,1936,1999,1993,2007,2001,2033,2018,2097,2178
"J INFORMACIJSKE IN KOMUNIKACIJSKE DEJAVNOSTI","Osnovnošolska ali manj","Spol - SKUPAJ",1222,1242,1297,1298,1340,1286,1394,1417,1443,1462,1498,1600
"J INFORMACIJSKE IN KOMUNIKACIJSKE DEJAVNOSTI","Osnovnošolska ali manj","Moški",1299,1349,1404,1368,1439,1342,1490,1496,1509,1531,1565,1666
"J INFORMACIJSKE IN KOMUNIKACIJSKE DEJAVNOSTI","Osnovnošolska ali manj","Ženske",1117,1088,1123,1164,1165,1178,1214,1263,1305,1295,1347,1426
"J INFORMACIJSKE IN KOMUNIKACIJSKE DEJAVNOSTI","Srednješolska","Spol - SKUPAJ",1687,1732,1787,1754,1811,1802,1814,1832,1855,1827,1896,2007
"J INFORMACIJSKE IN KOMUNIKACIJSKE DEJAVNOSTI","Srednješolska","Moški",1780,1829,1879,1837,1901,1884,1899,1919,1940,1910,1986,2106
"J INFORMACIJSKE IN KOMUNIKACIJSKE DEJAVNOSTI","Srednješolska","Ženske",1483,1516,1572,1542,1587,1601,1603,1612,1635,1617,1663,1741
"J INFORMACIJSKE IN KOMUNIKACIJSKE DEJAVNOSTI","Višješolska, visokošolska","Spol - SKUPAJ",2551,2523,2555,2506,2573,2519,2512,2497,2503,2471,2581,2680
"J INFORMACIJSKE IN KOMUNIKACIJSKE DEJAVNOSTI","Višješolska, visokošolska","Moški",2752,2726,2728,2659,2740,2671,2650,2643,2637,2619,2746,2855
"J INFORMACIJSKE IN KOMUNIKACIJSKE DEJAVNOSTI","Višješolska, visokošolska","Ženske",2215,2196,2264,2245,2295,2265,2273,2238,2257,2214,2294,2370
"K FINANÈNE IN ZAVAROVALNIŠKE DEJAVNOSTI","Izobrazba - SKUPAJ","Spol - SKUPAJ",2232,2200,2221,2256,2283,2267,2318,2383,2405,2461,2530,2662
"K FINANÈNE IN ZAVAROVALNIŠKE DEJAVNOSTI","Izobrazba - SKUPAJ","Moški",2859,2726,2706,2711,2717,2696,2764,2821,2827,2915,2986,3130
"K FINANÈNE IN ZAVAROVALNIŠKE DEJAVNOSTI","Izobrazba - SKUPAJ","Ženske",1906,1925,1959,2003,2040,2028,2066,2130,2161,2203,2263,2385
"K FINANÈNE IN ZAVAROVALNIŠKE DEJAVNOSTI","Osnovnošolska ali manj","Spol - SKUPAJ",1291,1314,1431,1356,1342,1333,1335,1387,1407,1380,1424,1461
"K FINANÈNE IN ZAVAROVALNIŠKE DEJAVNOSTI","Osnovnošolska ali manj","Moški",1556,1520,1812,1593,1584,1567,1593,1571,1546,1501,1510,1440
"K FINANÈNE IN ZAVAROVALNIŠKE DEJAVNOSTI","Osnovnošolska ali manj","Ženske",1159,1172,1199,1219,1204,1210,1203,1296,1331,1331,1386,1473
"K FINANÈNE IN ZAVAROVALNIŠKE DEJAVNOSTI","Srednješolska","Spol - SKUPAJ",1644,1658,1672,1684,1704,1705,1735,1782,1790,1807,1862,1951
"K FINANÈNE IN ZAVAROVALNIŠKE DEJAVNOSTI","Srednješolska","Moški",2005,1946,1947,1957,1968,1975,2012,2054,2056,2100,2149,2249
"K FINANÈNE IN ZAVAROVALNIŠKE DEJAVNOSTI","Srednješolska","Ženske",1481,1524,1537,1543,1563,1564,1586,1631,1644,1648,1699,1775
"K FINANÈNE IN ZAVAROVALNIŠKE DEJAVNOSTI","Višješolska, visokošolska","Spol - SKUPAJ",2947,2816,2799,2792,2780,2717,2751,2810,2806,2842,2905,3038
"K FINANÈNE IN ZAVAROVALNIŠKE DEJAVNOSTI","Višješolska, visokošolska","Moški",3714,3493,3413,3360,3319,3233,3293,3341,3300,3362,3442,3600
"K FINANÈNE IN ZAVAROVALNIŠKE DEJAVNOSTI","Višješolska, visokošolska","Ženske",2481,2419,2436,2456,2464,2415,2435,2494,2508,2536,2585,2707
"L POSLOVANJE Z NEPREMIÈNINAMI","Izobrazba - SKUPAJ","Spol - SKUPAJ",1471,1486,1502,1567,1575,1598,1602,1623,1617,1750,1835,1892
"L POSLOVANJE Z NEPREMIÈNINAMI","Izobrazba - SKUPAJ","Moški",1565,1536,1556,1630,1622,1611,1637,1643,1626,1792,1897,1952
"L POSLOVANJE Z NEPREMIÈNINAMI","Izobrazba - SKUPAJ","Ženske",1371,1426,1436,1489,1519,1583,1558,1598,1607,1649,1685,1749
"L POSLOVANJE Z NEPREMIÈNINAMI","Osnovnošolska ali manj","Spol - SKUPAJ",864,906,956,1003,1027,1032,1039,1052,1061,1252,1338,1379
"L POSLOVANJE Z NEPREMIÈNINAMI","Osnovnošolska ali manj","Moški",918,941,1018,1057,1094,1073,1079,1118,1140,1314,1415,1451
"L POSLOVANJE Z NEPREMIÈNINAMI","Osnovnošolska ali manj","Ženske",806,856,867,924,931,972,978,960,954,968,1007,1074
"L POSLOVANJE Z NEPREMIÈNINAMI","Srednješolska","Spol - SKUPAJ",1224,1259,1302,1342,1355,1372,1378,1394,1403,1695,1791,1851
"L POSLOVANJE Z NEPREMIÈNINAMI","Srednješolska","Moški",1231,1260,1306,1353,1352,1349,1381,1386,1402,1754,1861,1916
"L POSLOVANJE Z NEPREMIÈNINAMI","Srednješolska","Ženske",1217,1257,1296,1327,1361,1406,1373,1406,1405,1497,1544,1622
"L POSLOVANJE Z NEPREMIÈNINAMI","Višješolska, visokošolska","Spol - SKUPAJ",2121,2089,2018,2059,2048,2051,2028,2000,1986,2005,2054,2101
"L POSLOVANJE Z NEPREMIÈNINAMI","Višješolska, visokošolska","Moški",2469,2367,2256,2301,2283,2217,2207,2131,2073,2097,2188,2236
"L POSLOVANJE Z NEPREMIÈNINAMI","Višješolska, visokošolska","Ženske",1805,1830,1786,1817,1828,1892,1855,1872,1902,1881,1884,1931
"M STROKOVNE, ZNANSTVENE IN TEHNIÈNE DEJAVNOSTI","Izobrazba - SKUPAJ","Spol - SKUPAJ",1755,1800,1836,1866,1896,1863,1889,1905,1917,1950,2023,2115
"M STROKOVNE, ZNANSTVENE IN TEHNIÈNE DEJAVNOSTI","Izobrazba - SKUPAJ","Moški",1867,1901,1938,1960,1979,1936,1952,1964,1979,2017,2102,2206
"M STROKOVNE, ZNANSTVENE IN TEHNIÈNE DEJAVNOSTI","Izobrazba - SKUPAJ","Ženske",1612,1670,1708,1754,1796,1775,1813,1833,1841,1867,1924,2001
"M STROKOVNE, ZNANSTVENE IN TEHNIÈNE DEJAVNOSTI","Osnovnošolska ali manj","Spol - SKUPAJ",943,951,969,1007,1061,1039,1060,1069,1091,1119,1166,1217
"M STROKOVNE, ZNANSTVENE IN TEHNIÈNE DEJAVNOSTI","Osnovnošolska ali manj","Moški",982,990,1012,1024,1069,1042,1089,1084,1110,1161,1220,1299
"M STROKOVNE, ZNANSTVENE IN TEHNIÈNE DEJAVNOSTI","Osnovnošolska ali manj","Ženske",885,886,905,981,1046,1033,1017,1044,1057,1047,1070,1097
"M STROKOVNE, ZNANSTVENE IN TEHNIÈNE DEJAVNOSTI","Srednješolska","Spol - SKUPAJ",1307,1337,1370,1390,1407,1395,1407,1420,1424,1437,1501,1569
"M STROKOVNE, ZNANSTVENE IN TEHNIÈNE DEJAVNOSTI","Srednješolska","Moški",1348,1361,1394,1404,1416,1396,1407,1418,1425,1442,1518,1594
"M STROKOVNE, ZNANSTVENE IN TEHNIÈNE DEJAVNOSTI","Srednješolska","Ženske",1258,1307,1340,1373,1395,1392,1407,1423,1423,1429,1476,1531
"M STROKOVNE, ZNANSTVENE IN TEHNIÈNE DEJAVNOSTI","Višješolska, visokošolska","Spol - SKUPAJ",2240,2254,2263,2262,2270,2213,2227,2227,2227,2242,2313,2419
"M STROKOVNE, ZNANSTVENE IN TEHNIÈNE DEJAVNOSTI","Višješolska, visokošolska","Moški",2415,2437,2438,2426,2430,2366,2350,2351,2354,2372,2459,2587
"M STROKOVNE, ZNANSTVENE IN TEHNIÈNE DEJAVNOSTI","Višješolska, visokošolska","Ženske",2011,2024,2046,2069,2085,2039,2083,2082,2081,2093,2144,2228
"N DRUGE RAZNOVRSTNE POSLOVNE DEJAVNOSTI","Izobrazba - SKUPAJ","Spol - SKUPAJ",998,1006,1033,1079,1101,1099,1141,1165,1192,1227,1287,1337
"N DRUGE RAZNOVRSTNE POSLOVNE DEJAVNOSTI","Izobrazba - SKUPAJ","Moški",1086,1075,1096,1139,1146,1139,1176,1202,1237,1281,1341,1394
"N DRUGE RAZNOVRSTNE POSLOVNE DEJAVNOSTI","Izobrazba - SKUPAJ","Ženske",883,913,955,1009,1047,1052,1090,1113,1129,1153,1211,1261
"N DRUGE RAZNOVRSTNE POSLOVNE DEJAVNOSTI","Osnovnošolska ali manj","Spol - SKUPAJ",742,741,787,835,880,900,923,940,947,962,1021,1063
"N DRUGE RAZNOVRSTNE POSLOVNE DEJAVNOSTI","Osnovnošolska ali manj","Moški",897,857,895,941,978,990,1009,1016,1040,1060,1113,1168
"N DRUGE RAZNOVRSTNE POSLOVNE DEJAVNOSTI","Osnovnošolska ali manj","Ženske",642,663,722,775,821,843,856,876,879,891,946,987
"N DRUGE RAZNOVRSTNE POSLOVNE DEJAVNOSTI","Srednješolska","Spol - SKUPAJ",1010,992,1023,1049,1072,1070,1111,1125,1153,1171,1230,1280
"N DRUGE RAZNOVRSTNE POSLOVNE DEJAVNOSTI","Srednješolska","Moški",1033,1014,1049,1078,1094,1093,1134,1155,1187,1213,1278,1331
"N DRUGE RAZNOVRSTNE POSLOVNE DEJAVNOSTI","Srednješolska","Ženske",956,944,970,997,1030,1029,1062,1066,1082,1087,1135,1182
"N DRUGE RAZNOVRSTNE POSLOVNE DEJAVNOSTI","Višješolska, visokošolska","Spol - SKUPAJ",1794,1760,1729,1777,1695,1629,1674,1698,1705,1752,1797,1837
"N DRUGE RAZNOVRSTNE POSLOVNE DEJAVNOSTI","Višješolska, visokošolska","Moški",2017,2007,1849,1923,1823,1713,1774,1805,1811,1899,1962,1982
"N DRUGE RAZNOVRSTNE POSLOVNE DEJAVNOSTI","Višješolska, visokošolska","Ženske",1596,1547,1627,1661,1601,1566,1596,1611,1618,1633,1672,1729
"O DEJAVNOST JAVNE UPRAVE IN OBRAMBE, DEJAVNOST OBVEZNE SOCIALNE VARNOSTI","Izobrazba - SKUPAJ","Spol - SKUPAJ",1727,1836,1831,1844,1789,1798,1807,1829,1933,2004,2053,2241
"O DEJAVNOST JAVNE UPRAVE IN OBRAMBE, DEJAVNOST OBVEZNE SOCIALNE VARNOSTI","Izobrazba - SKUPAJ","Moški",1806,1941,1905,1910,1851,1847,1855,1870,2001,2079,2143,2379
"O DEJAVNOST JAVNE UPRAVE IN OBRAMBE, DEJAVNOST OBVEZNE SOCIALNE VARNOSTI","Izobrazba - SKUPAJ","Ženske",1648,1736,1759,1778,1730,1759,1760,1791,1868,1936,1968,2119
"O DEJAVNOST JAVNE UPRAVE IN OBRAMBE, DEJAVNOST OBVEZNE SOCIALNE VARNOSTI","Osnovnošolska ali manj","Spol - SKUPAJ",872,900,903,895,883,889,891,887,895,920,968,1039
"O DEJAVNOST JAVNE UPRAVE IN OBRAMBE, DEJAVNOST OBVEZNE SOCIALNE VARNOSTI","Osnovnošolska ali manj","Moški",1016,1018,979,961,922,892,924,908,906,928,973,1021
"O DEJAVNOST JAVNE UPRAVE IN OBRAMBE, DEJAVNOST OBVEZNE SOCIALNE VARNOSTI","Osnovnošolska ali manj","Ženske",816,856,874,870,869,888,880,880,890,917,967,1047
"O DEJAVNOST JAVNE UPRAVE IN OBRAMBE, DEJAVNOST OBVEZNE SOCIALNE VARNOSTI","Srednješolska","Spol - SKUPAJ",1296,1402,1378,1381,1361,1282,1372,1392,1472,1533,1618,1811
"O DEJAVNOST JAVNE UPRAVE IN OBRAMBE, DEJAVNOST OBVEZNE SOCIALNE VARNOSTI","Srednješolska","Moški",1421,1554,1504,1504,1482,1378,1484,1512,1618,1686,1782,2023
"O DEJAVNOST JAVNE UPRAVE IN OBRAMBE, DEJAVNOST OBVEZNE SOCIALNE VARNOSTI","Srednješolska","Ženske",1110,1182,1188,1184,1176,1160,1194,1198,1240,1293,1354,1481
"O DEJAVNOST JAVNE UPRAVE IN OBRAMBE, DEJAVNOST OBVEZNE SOCIALNE VARNOSTI","Višješolska, visokošolska","Spol - SKUPAJ",2159,2249,2236,2226,2129,2104,2109,2135,2222,2283,2312,2476
"O DEJAVNOST JAVNE UPRAVE IN OBRAMBE, DEJAVNOST OBVEZNE SOCIALNE VARNOSTI","Višješolska, visokošolska","Moški",2322,2446,2407,2384,2269,2246,2225,2253,2352,2419,2454,2668
"O DEJAVNOST JAVNE UPRAVE IN OBRAMBE, DEJAVNOST OBVEZNE SOCIALNE VARNOSTI","Višješolska, visokošolska","Ženske",2039,2111,2115,2112,2032,2017,2027,2058,2131,2190,2211,2347
"P IZOBRAŽEVANJE","Izobrazba - SKUPAJ","Spol - SKUPAJ",1743,1825,1839,1849,1803,1741,1772,1767,1795,1841,1854,1956
"P IZOBRAŽEVANJE","Izobrazba - SKUPAJ","Moški",1996,2088,2118,2125,2063,1990,2024,2021,2043,2111,2117,2233
"P IZOBRAŽEVANJE","Izobrazba - SKUPAJ","Ženske",1675,1754,1766,1778,1737,1679,1710,1705,1734,1775,1790,1888
"P IZOBRAŽEVANJE","Osnovnošolska ali manj","Spol - SKUPAJ",771,823,836,844,837,832,846,842,858,895,949,1012
"P IZOBRAŽEVANJE","Osnovnošolska ali manj","Moški",951,1013,1047,1061,1021,1002,1049,1030,1048,1126,1150,1223
"P IZOBRAŽEVANJE","Osnovnošolska ali manj","Ženske",760,813,825,834,828,824,837,833,850,887,941,1003
"P IZOBRAŽEVANJE","Srednješolska","Spol - SKUPAJ",1257,1303,1292,1259,1214,1174,1178,1153,1164,1188,1208,1258
"P IZOBRAŽEVANJE","Srednješolska","Moški",1191,1220,1212,1184,1142,1098,1109,1097,1125,1156,1185,1260
"P IZOBRAŽEVANJE","Srednješolska","Ženske",1274,1324,1312,1277,1231,1192,1194,1166,1173,1196,1214,1257
"P IZOBRAŽEVANJE","Višješolska, visokošolska","Spol - SKUPAJ",2059,2145,2162,2165,2104,2024,2056,2049,2072,2111,2111,2218
"P IZOBRAŽEVANJE","Višješolska, visokošolska","Moški",2334,2440,2478,2475,2391,2305,2340,2338,2358,2424,2425,2545
"P IZOBRAŽEVANJE","Višješolska, visokošolska","Ženske",1976,2056,2070,2076,2023,1947,1980,1973,1997,2031,2031,2136
"Q ZDRAVSTVO IN SOCIALNO VARSTVO","Izobrazba - SKUPAJ","Spol - SKUPAJ",1603,1810,1799,1803,1790,1766,1819,1783,1835,1881,1960,2049
"Q ZDRAVSTVO IN SOCIALNO VARSTVO","Izobrazba - SKUPAJ","Moški",2123,2398,2358,2320,2280,2217,2283,2218,2268,2314,2409,2506
"Q ZDRAVSTVO IN SOCIALNO VARSTVO","Izobrazba - SKUPAJ","Ženske",1487,1679,1673,1685,1677,1661,1712,1681,1732,1778,1849,1937
"Q ZDRAVSTVO IN SOCIALNO VARSTVO","Osnovnošolska ali manj","Spol - SKUPAJ",833,940,946,955,949,950,984,953,994,1031,1090,1158
"Q ZDRAVSTVO IN SOCIALNO VARSTVO","Osnovnošolska ali manj","Moški",871,956,962,965,957,954,986,965,994,1026,1091,1157
"Q ZDRAVSTVO IN SOCIALNO VARSTVO","Osnovnošolska ali manj","Ženske",829,938,944,954,949,949,983,952,994,1031,1089,1158
"Q ZDRAVSTVO IN SOCIALNO VARSTVO","Srednješolska","Spol - SKUPAJ",1205,1332,1323,1323,1305,1293,1331,1296,1328,1362,1420,1497
"Q ZDRAVSTVO IN SOCIALNO VARSTVO","Srednješolska","Moški",1232,1349,1342,1344,1318,1302,1350,1320,1355,1390,1454,1548
"Q ZDRAVSTVO IN SOCIALNO VARSTVO","Srednješolska","Ženske",1199,1328,1319,1319,1302,1291,1327,1291,1322,1356,1412,1485
"Q ZDRAVSTVO IN SOCIALNO VARSTVO","Višješolska, visokošolska","Spol - SKUPAJ",2455,2776,2705,2641,2580,2483,2545,2461,2509,2537,2618,2676
"Q ZDRAVSTVO IN SOCIALNO VARSTVO","Višješolska, visokošolska","Moški",3345,3798,3674,3515,3413,3240,3300,3153,3187,3228,3317,3387
"Q ZDRAVSTVO IN SOCIALNO VARSTVO","Višješolska, visokošolska","Ženske",2197,2486,2433,2398,2350,2275,2338,2270,2323,2349,2422,2482
"R KULTURNE, RAZVEDRILNE IN REKREACIJSKE DEJAVNOSTI","Izobrazba - SKUPAJ","Spol - SKUPAJ",1739,1816,1804,1810,1764,1721,1751,1725,1783,1800,1833,1912
"R KULTURNE, RAZVEDRILNE IN REKREACIJSKE DEJAVNOSTI","Izobrazba - SKUPAJ","Moški",1860,1929,1886,1892,1825,1774,1809,1775,1839,1837,1880,1943
"R KULTURNE, RAZVEDRILNE IN REKREACIJSKE DEJAVNOSTI","Izobrazba - SKUPAJ","Ženske",1607,1693,1717,1726,1704,1668,1694,1678,1730,1765,1789,1883
"R KULTURNE, RAZVEDRILNE IN REKREACIJSKE DEJAVNOSTI","Osnovnošolska ali manj","Spol - SKUPAJ",1035,1093,1095,1090,1057,1037,1063,1069,1088,1138,1157,1220
"R KULTURNE, RAZVEDRILNE IN REKREACIJSKE DEJAVNOSTI","Osnovnošolska ali manj","Moški",1160,1198,1197,1199,1150,1121,1174,1188,1196,1246,1255,1316
"R KULTURNE, RAZVEDRILNE IN REKREACIJSKE DEJAVNOSTI","Osnovnošolska ali manj","Ženske",919,1000,1000,994,968,967,973,974,1006,1053,1088,1146
"R KULTURNE, RAZVEDRILNE IN REKREACIJSKE DEJAVNOSTI","Srednješolska","Spol - SKUPAJ",1568,1593,1570,1552,1491,1447,1483,1447,1493,1493,1530,1591
"R KULTURNE, RAZVEDRILNE IN REKREACIJSKE DEJAVNOSTI","Srednješolska","Moški",1689,1707,1663,1636,1559,1505,1543,1506,1556,1550,1586,1648
"R KULTURNE, RAZVEDRILNE IN REKREACIJSKE DEJAVNOSTI","Srednješolska","Ženske",1381,1417,1423,1419,1385,1356,1390,1360,1398,1408,1446,1506
"R KULTURNE, RAZVEDRILNE IN REKREACIJSKE DEJAVNOSTI","Višješolska, visokošolska","Spol - SKUPAJ",2091,2208,2176,2162,2101,2043,2055,2018,2077,2080,2096,2183
"R KULTURNE, RAZVEDRILNE IN REKREACIJSKE DEJAVNOSTI","Višješolska, visokošolska","Moški",2335,2455,2383,2383,2296,2217,2232,2174,2237,2196,2234,2296
"R KULTURNE, RAZVEDRILNE IN REKREACIJSKE DEJAVNOSTI","Višješolska, visokošolska","Ženske",1917,2028,2032,2011,1971,1923,1937,1915,1969,1998,2003,2106
"S DRUGE DEJAVNOSTI","Izobrazba - SKUPAJ","Spol - SKUPAJ",1212,1267,1321,1385,1401,1399,1407,1412,1414,1416,1442,1519
"S DRUGE DEJAVNOSTI","Izobrazba - SKUPAJ","Moški",1461,1524,1586,1619,1625,1622,1610,1607,1609,1596,1622,1677
"S DRUGE DEJAVNOSTI","Izobrazba - SKUPAJ","Ženske",1099,1149,1201,1274,1294,1297,1309,1317,1319,1328,1359,1445
"S DRUGE DEJAVNOSTI","Osnovnošolska ali manj","Spol - SKUPAJ",852,867,913,970,987,1013,1019,1041,1056,1066,1102,1158
"S DRUGE DEJAVNOSTI","Osnovnošolska ali manj","Moški",968,999,1070,1113,1094,1171,1159,1190,1214,1252,1281,1337
"S DRUGE DEJAVNOSTI","Osnovnošolska ali manj","Ženske",786,795,829,889,927,929,937,948,954,953,990,1050
"S DRUGE DEJAVNOSTI","Srednješolska","Spol - SKUPAJ",982,1006,1059,1101,1107,1096,1117,1118,1124,1129,1152,1219
"S DRUGE DEJAVNOSTI","Srednješolska","Moški",1183,1199,1266,1287,1295,1273,1306,1287,1287,1282,1309,1375
"S DRUGE DEJAVNOSTI","Srednješolska","Ženske",900,926,972,1020,1024,1021,1031,1039,1050,1059,1084,1148
"S DRUGE DEJAVNOSTI","Višješolska, visokošolska","Spol - SKUPAJ",2242,2305,2301,2287,2259,2199,2144,2137,2106,2064,2078,2114
"S DRUGE DEJAVNOSTI","Višješolska, visokošolska","Moški",2550,2640,2649,2574,2506,2436,2352,2368,2353,2251,2276,2266
"S DRUGE DEJAVNOSTI","Višješolska, visokošolska","Ženske",2068,2119,2115,2132,2124,2074,2036,2018,1982,1967,1982,2043
